kotlin version: 1.9.24
error message: org.jetbrains.kotlin.backend.common.BackendException: Backend Internal error: Exception during IR lowering
File being compiled: /workspace/project/vito/app/client/src/main/kotlin/com/vito/client/screens/HomeScreen.kt
The root cause java.lang.RuntimeException was thrown at: org.jetbrains.kotlin.backend.jvm.codegen.FunctionCodegen.generate(FunctionCodegen.kt:51)
	at org.jetbrains.kotlin.backend.common.CodegenUtil.reportBackendException(CodegenUtil.kt:253)
	at org.jetbrains.kotlin.backend.common.CodegenUtil.reportBackendException$default(CodegenUtil.kt:237)
	at org.jetbrains.kotlin.backend.common.phaser.PerformByIrFilePhase.invokeSequential(performByIrFile.kt:65)
	at org.jetbrains.kotlin.backend.common.phaser.PerformByIrFilePhase.invoke(performByIrFile.kt:52)
	at org.jetbrains.kotlin.backend.common.phaser.PerformByIrFilePhase.invoke(performByIrFile.kt:38)
	at org.jetbrains.kotlin.backend.common.phaser.NamedCompilerPhase.phaseBody(CompilerPhase.kt:147)
	at org.jetbrains.kotlin.backend.common.phaser.AbstractNamedCompilerPhase.invoke(CompilerPhase.kt:94)
	at org.jetbrains.kotlin.backend.common.phaser.CompositePhase.invoke(PhaseBuilders.kt:29)
	at org.jetbrains.kotlin.backend.common.phaser.CompositePhase.invoke(PhaseBuilders.kt:16)
	at org.jetbrains.kotlin.backend.common.phaser.NamedCompilerPhase.phaseBody(CompilerPhase.kt:147)
	at org.jetbrains.kotlin.backend.common.phaser.AbstractNamedCompilerPhase.invoke(CompilerPhase.kt:94)
	at org.jetbrains.kotlin.backend.common.phaser.CompilerPhaseKt.invokeToplevel(CompilerPhase.kt:43)
	at org.jetbrains.kotlin.backend.jvm.JvmIrCodegenFactory.invokeCodegen(JvmIrCodegenFactory.kt:361)
	at org.jetbrains.kotlin.cli.jvm.compiler.KotlinToJVMBytecodeCompiler.runCodegen(KotlinToJVMBytecodeCompiler.kt:347)
	at org.jetbrains.kotlin.cli.jvm.compiler.KotlinToJVMBytecodeCompiler.compileModules$cli(KotlinToJVMBytecodeCompiler.kt:122)
	at org.jetbrains.kotlin.cli.jvm.compiler.KotlinToJVMBytecodeCompiler.compileModules$cli$default(KotlinToJVMBytecodeCompiler.kt:43)
	at org.jetbrains.kotlin.cli.jvm.K2JVMCompiler.doExecute(K2JVMCompiler.kt:165)
	at org.jetbrains.kotlin.cli.jvm.K2JVMCompiler.doExecute(K2JVMCompiler.kt:50)
	at org.jetbrains.kotlin.cli.common.CLICompiler.execImpl(CLICompiler.kt:104)
	at org.jetbrains.kotlin.cli.common.CLICompiler.execImpl(CLICompiler.kt:48)
	at org.jetbrains.kotlin.cli.common.CLITool.exec(CLITool.kt:101)
	at org.jetbrains.kotlin.incremental.IncrementalJvmCompilerRunner.runCompiler(IncrementalJvmCompilerRunner.kt:463)
	at org.jetbrains.kotlin.incremental.IncrementalJvmCompilerRunner.runCompiler(IncrementalJvmCompilerRunner.kt:62)
	at org.jetbrains.kotlin.incremental.IncrementalCompilerRunner.doCompile(IncrementalCompilerRunner.kt:477)
	at org.jetbrains.kotlin.incremental.IncrementalCompilerRunner.compileImpl(IncrementalCompilerRunner.kt:400)
	at org.jetbrains.kotlin.incremental.IncrementalCompilerRunner.compileNonIncrementally(IncrementalCompilerRunner.kt:281)
	at org.jetbrains.kotlin.incremental.IncrementalCompilerRunner.compile(IncrementalCompilerRunner.kt:125)
	at org.jetbrains.kotlin.daemon.CompileServiceImplBase.execIncrementalCompiler(CompileServiceImpl.kt:657)
	at org.jetbrains.kotlin.daemon.CompileServiceImplBase.access$execIncrementalCompiler(CompileServiceImpl.kt:105)
	at org.jetbrains.kotlin.daemon.CompileServiceImpl.compile(CompileServiceImpl.kt:1624)
	at java.base/jdk.internal.reflect.NativeMethodAccessorImpl.invoke0(Native Method)
	at java.base/jdk.internal.reflect.NativeMethodAccessorImpl.invoke(NativeMethodAccessorImpl.java:77)
	at java.base/jdk.internal.reflect.DelegatingMethodAccessorImpl.invoke(DelegatingMethodAccessorImpl.java:43)
	at java.base/java.lang.reflect.Method.invoke(Method.java:568)
	at java.rmi/sun.rmi.server.UnicastServerRef.dispatch(UnicastServerRef.java:360)
	at java.rmi/sun.rmi.transport.Transport$1.run(Transport.java:200)
	at java.rmi/sun.rmi.transport.Transport$1.run(Transport.java:197)
	at java.base/java.security.AccessController.doPrivileged(AccessController.java:712)
	at java.rmi/sun.rmi.transport.Transport.serviceCall(Transport.java:196)
	at java.rmi/sun.rmi.transport.tcp.TCPTransport.handleMessages(TCPTransport.java:587)
	at java.rmi/sun.rmi.transport.tcp.TCPTransport$ConnectionHandler.run0(TCPTransport.java:828)
	at java.rmi/sun.rmi.transport.tcp.TCPTransport$ConnectionHandler.lambda$run$0(TCPTransport.java:705)
	at java.base/java.security.AccessController.doPrivileged(AccessController.java:399)
	at java.rmi/sun.rmi.transport.tcp.TCPTransport$ConnectionHandler.run(TCPTransport.java:704)
	at java.base/java.util.concurrent.ThreadPoolExecutor.runWorker(ThreadPoolExecutor.java:1136)
	at java.base/java.util.concurrent.ThreadPoolExecutor$Worker.run(ThreadPoolExecutor.java:635)
	at java.base/java.lang.Thread.run(Thread.java:840)
Caused by: java.lang.RuntimeException: Exception while generating code for:
FUN name:HomeScreen visibility:public modality:FINAL <> () returnType:kotlin.Unit
  annotations:
    OptIn(markerClass = [CLASS_REFERENCE 'CLASS IR_EXTERNAL_DECLARATION_STUB ANNOTATION_CLASS name:ExperimentalMaterial3Api modality:OPEN visibility:public superTypes:[kotlin.Annotation]' type=kotlin.reflect.KClass<androidx.compose.material3.ExperimentalMaterial3Api>])
    Composable
  BLOCK_BODY
    VAR PROPERTY_DELEGATE name:selectedTab$delegate type:androidx.compose.runtime.MutableState<kotlin.String> [val]
      CALL 'public final fun remember <T> (calculation: @[DisallowComposableCalls] kotlin.Function0<T of androidx.compose.runtime.ComposablesKt.remember>): T of androidx.compose.runtime.ComposablesKt.remember [inline] declared in androidx.compose.runtime.ComposablesKt' type=androidx.compose.runtime.MutableState<kotlin.String> origin=null
        <T>: androidx.compose.runtime.MutableState<kotlin.String>
        calculation: BLOCK type=kotlin.Function0<androidx.compose.runtime.MutableState<kotlin.String>> origin=LAMBDA
          COMPOSITE type=kotlin.Unit origin=null
          FUNCTION_REFERENCE 'private final fun HomeScreen$lambda$0 (): androidx.compose.runtime.MutableState<kotlin.String> declared in com.vito.client.screens.HomeScreenKt' type=kotlin.Function0<androidx.compose.runtime.MutableState<kotlin.String>> origin=INLINE_LAMBDA reflectionTarget=null
    VAR name:services type:kotlin.collections.List<com.vito.client.screens.ServiceItem> [val]
      CALL 'public final fun listOf <T> (vararg elements: T of kotlin.collections.CollectionsKt.listOf): kotlin.collections.List<T of kotlin.collections.CollectionsKt.listOf> declared in kotlin.collections.CollectionsKt' type=kotlin.collections.List<com.vito.client.screens.ServiceItem> origin=null
        <T>: com.vito.client.screens.ServiceItem
        elements: BLOCK type=kotlin.Array<out com.vito.client.screens.ServiceItem> origin=null
          VAR IR_TEMPORARY_VARIABLE name:tmp0 type:kotlin.Array<out com.vito.client.screens.ServiceItem> [val]
            CALL 'public final fun arrayOfNulls <T> (size: kotlin.Int): kotlin.Array<T of kotlin.arrayOfNulls?> declared in kotlin' type=kotlin.Array<out com.vito.client.screens.ServiceItem> origin=null
              <T>: com.vito.client.screens.ServiceItem
              size: CONST Int type=kotlin.Int value=3
          CALL 'public final fun set (index: kotlin.Int, value: T of kotlin.Array): kotlin.Unit [operator] declared in kotlin.Array' type=kotlin.Unit origin=null
            $this: GET_VAR 'val tmp0: kotlin.Array<out com.vito.client.screens.ServiceItem> [val] declared in com.vito.client.screens.HomeScreenKt.HomeScreen' type=kotlin.Array<out com.vito.client.screens.ServiceItem> origin=null
            index: CONST Int type=kotlin.Int value=0
            value: CONSTRUCTOR_CALL 'public constructor <init> (id: kotlin.String, name: kotlin.String, icon: androidx.compose.ui.graphics.vector.ImageVector, description: kotlin.String, color: androidx.compose.ui.graphics.Color, $constructor_marker: kotlin.jvm.internal.DefaultConstructorMarker?) declared in com.vito.client.screens.ServiceItem' type=com.vito.client.screens.ServiceItem origin=null
              id: CONST String type=kotlin.String value="ride"
              name: CONST String type=kotlin.String value="VitoRide"
              icon: CALL 'public final fun <get-DirectionsCar> (): androidx.compose.ui.graphics.vector.ImageVector declared in androidx.compose.material.icons.filled.DirectionsCarKt' type=androidx.compose.ui.graphics.vector.ImageVector origin=GET_PROPERTY
                $receiver: CALL 'public final fun <get-Default> (): androidx.compose.material.icons.Icons.Filled declared in androidx.compose.material.icons.Icons' type=androidx.compose.material.icons.Icons.Filled origin=GET_PROPERTY
                  $this: GET_FIELD 'FIELD FIELD_FOR_OBJECT_INSTANCE name:INSTANCE type:androidx.compose.material.icons.Icons visibility:public [final,static]' type=androidx.compose.material.icons.Icons origin=null
              description: CONST String type=kotlin.String value="Book a ride"
              color: CALL 'public final fun Color (color: kotlin.Long): androidx.compose.ui.graphics.Color declared in androidx.compose.ui.graphics.ColorKt' type=androidx.compose.ui.graphics.Color origin=null
                color: CONST Long type=kotlin.Long value=4280391411
              $constructor_marker: CONST Null type=kotlin.jvm.internal.DefaultConstructorMarker? value=null
          CALL 'public final fun set (index: kotlin.Int, value: T of kotlin.Array): kotlin.Unit [operator] declared in kotlin.Array' type=kotlin.Unit origin=null
            $this: GET_VAR 'val tmp0: kotlin.Array<out com.vito.client.screens.ServiceItem> [val] declared in com.vito.client.screens.HomeScreenKt.HomeScreen' type=kotlin.Array<out com.vito.client.screens.ServiceItem> origin=null
            index: CONST Int type=kotlin.Int value=1
            value: CONSTRUCTOR_CALL 'public constructor <init> (id: kotlin.String, name: kotlin.String, icon: androidx.compose.ui.graphics.vector.ImageVector, description: kotlin.String, color: androidx.compose.ui.graphics.Color, $constructor_marker: kotlin.jvm.internal.DefaultConstructorMarker?) declared in com.vito.client.screens.ServiceItem' type=com.vito.client.screens.ServiceItem origin=null
              id: CONST String type=kotlin.String value="send"
              name: CONST String type=kotlin.String value="VitoSend"
              icon: CALL 'public final fun <get-LocalShipping> (): androidx.compose.ui.graphics.vector.ImageVector declared in androidx.compose.material.icons.filled.LocalShippingKt' type=androidx.compose.ui.graphics.vector.ImageVector origin=GET_PROPERTY
                $receiver: CALL 'public final fun <get-Default> (): androidx.compose.material.icons.Icons.Filled declared in androidx.compose.material.icons.Icons' type=androidx.compose.material.icons.Icons.Filled origin=GET_PROPERTY
                  $this: GET_FIELD 'FIELD FIELD_FOR_OBJECT_INSTANCE name:INSTANCE type:androidx.compose.material.icons.Icons visibility:public [final,static]' type=androidx.compose.material.icons.Icons origin=null
              description: CONST String type=kotlin.String value="Send packages"
              color: CALL 'public final fun Color (color: kotlin.Long): androidx.compose.ui.graphics.Color declared in androidx.compose.ui.graphics.ColorKt' type=androidx.compose.ui.graphics.Color origin=null
                color: CONST Long type=kotlin.Long value=4283215696
              $constructor_marker: CONST Null type=kotlin.jvm.internal.DefaultConstructorMarker? value=null
          CALL 'public final fun set (index: kotlin.Int, value: T of kotlin.Array): kotlin.Unit [operator] declared in kotlin.Array' type=kotlin.Unit origin=null
            $this: GET_VAR 'val tmp0: kotlin.Array<out com.vito.client.screens.ServiceItem> [val] declared in com.vito.client.screens.HomeScreenKt.HomeScreen' type=kotlin.Array<out com.vito.client.screens.ServiceItem> origin=null
            index: CONST Int type=kotlin.Int value=2
            value: CONSTRUCTOR_CALL 'public constructor <init> (id: kotlin.String, name: kotlin.String, icon: androidx.compose.ui.graphics.vector.ImageVector, description: kotlin.String, color: androidx.compose.ui.graphics.Color, $constructor_marker: kotlin.jvm.internal.DefaultConstructorMarker?) declared in com.vito.client.screens.ServiceItem' type=com.vito.client.screens.ServiceItem origin=null
              id: CONST String type=kotlin.String value="mart"
              name: CONST String type=kotlin.String value="VitoMart"
              icon: CALL 'public final fun <get-ShoppingCart> (): androidx.compose.ui.graphics.vector.ImageVector declared in androidx.compose.material.icons.filled.ShoppingCartKt' type=androidx.compose.ui.graphics.vector.ImageVector origin=GET_PROPERTY
                $receiver: CALL 'public final fun <get-Default> (): androidx.compose.material.icons.Icons.Filled declared in androidx.compose.material.icons.Icons' type=androidx.compose.material.icons.Icons.Filled origin=GET_PROPERTY
                  $this: GET_FIELD 'FIELD FIELD_FOR_OBJECT_INSTANCE name:INSTANCE type:androidx.compose.material.icons.Icons visibility:public [final,static]' type=androidx.compose.material.icons.Icons origin=null
              description: CONST String type=kotlin.String value="Shop essentials"
              color: CALL 'public final fun Color (color: kotlin.Long): androidx.compose.ui.graphics.Color declared in androidx.compose.ui.graphics.ColorKt' type=androidx.compose.ui.graphics.Color origin=null
                color: CONST Long type=kotlin.Long value=4294940672
              $constructor_marker: CONST Null type=kotlin.jvm.internal.DefaultConstructorMarker? value=null
          GET_VAR 'val tmp0: kotlin.Array<out com.vito.client.screens.ServiceItem> [val] declared in com.vito.client.screens.HomeScreenKt.HomeScreen' type=kotlin.Array<out com.vito.client.screens.ServiceItem> origin=null
    CALL 'public final fun Scaffold-QMVK-b8$default (modifier: androidx.compose.ui.Modifier?, topBar: @[Composable] kotlin.Function0<kotlin.Unit>?, bottomBar: @[Composable] kotlin.Function0<kotlin.Unit>?, snackbarHost: @[Composable] kotlin.Function0<kotlin.Unit>?, floatingActionButton: @[Composable] kotlin.Function0<kotlin.Unit>?, floatingActionButtonPosition: androidx.compose.material3.FabPosition, containerColor: androidx.compose.ui.graphics.Color, contentColor: androidx.compose.ui.graphics.Color, contentWindowInsets: androidx.compose.foundation.layout.WindowInsets?, content: @[Composable] kotlin.Function1<androidx.compose.foundation.layout.PaddingValues, kotlin.Unit>, $mask0: kotlin.Int, $handler: kotlin.Any?): kotlin.Unit declared in androidx.compose.material3.ScaffoldKt' type=kotlin.Unit origin=DEFAULT_DISPATCH_CALL
      modifier: COMPOSITE type=androidx.compose.ui.Modifier? origin=DEFAULT_VALUE
        CONST Null type=androidx.compose.ui.Modifier? value=null
      topBar: COMPOSITE type=@[Composable] kotlin.Function0<kotlin.Unit>? origin=DEFAULT_VALUE
        CONST Null type=@[Composable] kotlin.Function0<kotlin.Unit>? value=null
      bottomBar: BLOCK type=com.vito.client.screens.HomeScreenKt.HomeScreen.<no name provided> origin=null
        CLASS LAMBDA_IMPL CLASS name:<no name provided> modality:FINAL visibility:public/*package*/ superTypes:[kotlin.jvm.internal.Lambda; kotlin.Function0<kotlin.Unit>]
          $this: VALUE_PARAMETER INSTANCE_RECEIVER name:<this> type:com.vito.client.screens.HomeScreenKt.HomeScreen.<no name provided>
          CONSTRUCTOR GENERATED_MEMBER_IN_CALLABLE_REFERENCE visibility:public/*package*/ <> ($selectedTab$delegate:androidx.compose.runtime.MutableState<kotlin.String>) returnType:com.vito.client.screens.HomeScreenKt.HomeScreen.<no name provided> [primary]
            VALUE_PARAMETER BOUND_VALUE_PARAMETER name:$selectedTab$delegate index:0 type:androidx.compose.runtime.MutableState<kotlin.String>
            BLOCK_BODY
              SET_FIELD 'FIELD FIELD_FOR_CAPTURED_VALUE name:$selectedTab$delegate type:androidx.compose.runtime.MutableState<kotlin.String> visibility:public/*package*/ [final]' type=kotlin.Unit origin=INITIALIZER_OF_FIELD_FOR_CAPTURED_VALUE
                receiver: GET_VAR '<this>: com.vito.client.screens.HomeScreenKt.HomeScreen.<no name provided> declared in com.vito.client.screens.HomeScreenKt.HomeScreen.<no name provided>' type=com.vito.client.screens.HomeScreenKt.HomeScreen.<no name provided> origin=null
                value: GET_VAR '$selectedTab$delegate: androidx.compose.runtime.MutableState<kotlin.String> declared in com.vito.client.screens.HomeScreenKt.HomeScreen.<no name provided>.<init>' type=androidx.compose.runtime.MutableState<kotlin.String> origin=null
              DELEGATING_CONSTRUCTOR_CALL 'public constructor <init> (arity: kotlin.Int) declared in kotlin.jvm.internal.Lambda'
                arity: CONST Int type=kotlin.Int value=0
              BLOCK type=kotlin.Unit origin=null
          FUN name:invoke visibility:public modality:FINAL <> ($this:com.vito.client.screens.HomeScreenKt.HomeScreen.<no name provided>) returnType:kotlin.Unit
            overridden:
              public abstract fun invoke (): R of kotlin.Function0 [operator] declared in kotlin.Function0
            $this: VALUE_PARAMETER INSTANCE_RECEIVER name:<this> type:com.vito.client.screens.HomeScreenKt.HomeScreen.<no name provided>
            BLOCK_BODY
              CALL 'public final fun NavigationBar-r8kINjs$default (modifier: androidx.compose.ui.Modifier?, containerColor: androidx.compose.ui.graphics.Color, contentColor: androidx.compose.ui.graphics.Color, tonalElevation: androidx.compose.ui.unit.Dp, windowInsets: androidx.compose.foundation.layout.WindowInsets?, content: @[Composable] @[ExtensionFunctionType] kotlin.Function1<androidx.compose.foundation.layout.RowScope, kotlin.Unit>, $mask0: kotlin.Int, $handler: kotlin.Any?): kotlin.Unit declared in androidx.compose.material3.NavigationBarKt' type=kotlin.Unit origin=DEFAULT_DISPATCH_CALL
                modifier: COMPOSITE type=androidx.compose.ui.Modifier? origin=DEFAULT_VALUE
                  CONST Null type=androidx.compose.ui.Modifier? value=null
                containerColor: COMPOSITE type=androidx.compose.ui.graphics.Color origin=DEFAULT_VALUE
                  CALL 'public final fun <unsafe-coerce> <T, R> (v: T of kotlin.jvm.internal.<unsafe-coerce>): R of kotlin.jvm.internal.<unsafe-coerce> declared in kotlin.jvm.internal' type=androidx.compose.ui.graphics.Color origin=null
                    <T>: kotlin.Long
                    <R>: androidx.compose.ui.graphics.Color
                    v: CONST Long type=kotlin.Long value=0
                contentColor: COMPOSITE type=androidx.compose.ui.graphics.Color origin=DEFAULT_VALUE
                  CALL 'public final fun <unsafe-coerce> <T, R> (v: T of kotlin.jvm.internal.<unsafe-coerce>): R of kotlin.jvm.internal.<unsafe-coerce> declared in kotlin.jvm.internal' type=androidx.compose.ui.graphics.Color origin=null
                    <T>: kotlin.Long
                    <R>: androidx.compose.ui.graphics.Color
                    v: CONST Long type=kotlin.Long value=0
                tonalElevation: COMPOSITE type=androidx.compose.ui.unit.Dp origin=DEFAULT_VALUE
                  CALL 'public final fun <unsafe-coerce> <T, R> (v: T of kotlin.jvm.internal.<unsafe-coerce>): R of kotlin.jvm.internal.<unsafe-coerce> declared in kotlin.jvm.internal' type=androidx.compose.ui.unit.Dp origin=null
                    <T>: kotlin.Float
                    <R>: androidx.compose.ui.unit.Dp
                    v: CONST Float type=kotlin.Float value=0.0
                windowInsets: COMPOSITE type=androidx.compose.foundation.layout.WindowInsets? origin=DEFAULT_VALUE
                  CONST Null type=androidx.compose.foundation.layout.WindowInsets? value=null
                content: BLOCK type=com.vito.client.screens.HomeScreenKt.HomeScreen.<no name provided>.invoke.<no name provided> origin=null
                  CLASS LAMBDA_IMPL CLASS name:<no name provided> modality:FINAL visibility:public/*package*/ superTypes:[kotlin.jvm.internal.Lambda; kotlin.Function1<androidx.compose.foundation.layout.RowScope, kotlin.Unit>]
                    $this: VALUE_PARAMETER INSTANCE_RECEIVER name:<this> type:com.vito.client.screens.HomeScreenKt.HomeScreen.<no name provided>.invoke.<no name provided>
                    CONSTRUCTOR GENERATED_MEMBER_IN_CALLABLE_REFERENCE visibility:public/*package*/ <> ($selectedTab$delegate:androidx.compose.runtime.MutableState<kotlin.String>) returnType:com.vito.client.screens.HomeScreenKt.HomeScreen.<no name provided>.invoke.<no name provided> [primary]
                      VALUE_PARAMETER BOUND_VALUE_PARAMETER name:$selectedTab$delegate index:0 type:androidx.compose.runtime.MutableState<kotlin.String>
                      BLOCK_BODY
                        SET_FIELD 'FIELD FIELD_FOR_CAPTURED_VALUE name:$selectedTab$delegate type:androidx.compose.runtime.MutableState<kotlin.String> visibility:public/*package*/ [final]' type=kotlin.Unit origin=INITIALIZER_OF_FIELD_FOR_CAPTURED_VALUE
                          receiver: GET_VAR '<this>: com.vito.client.screens.HomeScreenKt.HomeScreen.<no name provided>.invoke.<no name provided> declared in com.vito.client.screens.HomeScreenKt.HomeScreen.<no name provided>.invoke.<no name provided>' type=com.vito.client.screens.HomeScreenKt.HomeScreen.<no name provided>.invoke.<no name provided> origin=null
                          value: GET_VAR '$selectedTab$delegate: androidx.compose.runtime.MutableState<kotlin.String> declared in com.vito.client.screens.HomeScreenKt.HomeScreen.<no name provided>.invoke.<no name provided>.<init>' type=androidx.compose.runtime.MutableState<kotlin.String> origin=null
                        DELEGATING_CONSTRUCTOR_CALL 'public constructor <init> (arity: kotlin.Int) declared in kotlin.jvm.internal.Lambda'
                          arity: CONST Int type=kotlin.Int value=1
                        BLOCK type=kotlin.Unit origin=null
                    FUN name:invoke visibility:public modality:FINAL <> ($this:com.vito.client.screens.HomeScreenKt.HomeScreen.<no name provided>.invoke.<no name provided>, $this$NavigationBar:androidx.compose.foundation.layout.RowScope) returnType:kotlin.Unit
                      overridden:
                        public abstract fun invoke (p1: P1 of kotlin.Function1): R of kotlin.Function1 [operator] declared in kotlin.Function1
                      $this: VALUE_PARAMETER INSTANCE_RECEIVER name:<this> type:com.vito.client.screens.HomeScreenKt.HomeScreen.<no name provided>.invoke.<no name provided>
                      VALUE_PARAMETER name:$this$NavigationBar index:0 type:androidx.compose.foundation.layout.RowScope
                      BLOCK_BODY
                        BLOCK type=kotlin.Unit origin=ARGUMENTS_REORDERING_FOR_CALL
                          VAR IR_TEMPORARY_VARIABLE name:tmp0_selected type:kotlin.Boolean [val]
                            CALL 'public final fun EQEQ (arg0: kotlin.Any?, arg1: kotlin.Any?): kotlin.Boolean declared in kotlin.internal.ir' type=kotlin.Boolean origin=EQEQ
                              arg0: CALL 'public final fun access$HomeScreen$lambda$1 ($selectedTab$delegate: androidx.compose.runtime.MutableState<kotlin.String>): kotlin.String declared in com.vito.client.screens.HomeScreenKt' type=kotlin.String origin=GET_LOCAL_PROPERTY
                                $selectedTab$delegate: GET_FIELD 'FIELD FIELD_FOR_CAPTURED_VALUE name:$selectedTab$delegate type:androidx.compose.runtime.MutableState<kotlin.String> visibility:public/*package*/ [final]' type=androidx.compose.runtime.MutableState<kotlin.String> origin=null
                                  receiver: GET_VAR '<this>: com.vito.client.screens.HomeScreenKt.HomeScreen.<no name provided>.invoke.<no name provided> declared in com.vito.client.screens.HomeScreenKt.HomeScreen.<no name provided>.invoke.<no name provided>.invoke' type=com.vito.client.screens.HomeScreenKt.HomeScreen.<no name provided>.invoke.<no name provided> origin=null
                              arg1: CONST String type=kotlin.String value="home"
                          CALL 'public final fun NavigationBarItem$default (selected: kotlin.Boolean, onClick: kotlin.Function0<kotlin.Unit>, icon: @[Composable] kotlin.Function0<kotlin.Unit>, modifier: androidx.compose.ui.Modifier?, enabled: kotlin.Boolean, label: @[Composable] kotlin.Function0<kotlin.Unit>?, alwaysShowLabel: kotlin.Boolean, colors: androidx.compose.material3.NavigationBarItemColors?, interactionSource: androidx.compose.foundation.interaction.MutableInteractionSource?, $mask0: kotlin.Int, $handler: kotlin.Any?): kotlin.Unit declared in androidx.compose.material3.NavigationBarKt' type=kotlin.Unit origin=DEFAULT_DISPATCH_CALL
                            $receiver: GET_VAR '$this$NavigationBar: androidx.compose.foundation.layout.RowScope declared in com.vito.client.screens.HomeScreenKt.HomeScreen.<no name provided>.invoke.<no name provided>.invoke' type=androidx.compose.foundation.layout.RowScope origin=null
                            selected: GET_VAR 'val tmp0_selected: kotlin.Boolean [val] declared in com.vito.client.screens.HomeScreenKt.HomeScreen.<no name provided>.invoke.<no name provided>.invoke' type=kotlin.Boolean origin=null
                            onClick: BLOCK type=com.vito.client.screens.HomeScreenKt.HomeScreen.<no name provided>.invoke.<no name provided>.invoke.<no name provided> origin=null
                              CLASS LAMBDA_IMPL CLASS name:<no name provided> modality:FINAL visibility:public/*package*/ superTypes:[kotlin.jvm.internal.Lambda; kotlin.Function0<kotlin.Unit>]
                                $this: VALUE_PARAMETER INSTANCE_RECEIVER name:<this> type:com.vito.client.screens.HomeScreenKt.HomeScreen.<no name provided>.invoke.<no name provided>.invoke.<no name provided>
                                CONSTRUCTOR GENERATED_MEMBER_IN_CALLABLE_REFERENCE visibility:public/*package*/ <> ($selectedTab$delegate:androidx.compose.runtime.MutableState<kotlin.String>) returnType:com.vito.client.screens.HomeScreenKt.HomeScreen.<no name provided>.invoke.<no name provided>.invoke.<no name provided> [primary]
                                  VALUE_PARAMETER BOUND_VALUE_PARAMETER name:$selectedTab$delegate index:0 type:androidx.compose.runtime.MutableState<kotlin.String>
                                  BLOCK_BODY
                                    SET_FIELD 'FIELD FIELD_FOR_CAPTURED_VALUE name:$selectedTab$delegate type:androidx.compose.runtime.MutableState<kotlin.String> visibility:public/*package*/ [final]' type=kotlin.Unit origin=INITIALIZER_OF_FIELD_FOR_CAPTURED_VALUE
                                      receiver: GET_VAR '<this>: com.vito.client.screens.HomeScreenKt.HomeScreen.<no name provided>.invoke.<no name provided>.invoke.<no name provided> declared in com.vito.client.screens.HomeScreenKt.HomeScreen.<no name provided>.invoke.<no name provided>.invoke.<no name provided>' type=com.vito.client.screens.HomeScreenKt.HomeScreen.<no name provided>.invoke.<no name provided>.invoke.<no name provided> origin=null
                                      value: GET_VAR '$selectedTab$delegate: androidx.compose.runtime.MutableState<kotlin.String> declared in com.vito.client.screens.HomeScreenKt.HomeScreen.<no name provided>.invoke.<no name provided>.invoke.<no name provided>.<init>' type=androidx.compose.runtime.MutableState<kotlin.String> origin=null
                                    DELEGATING_CONSTRUCTOR_CALL 'public constructor <init> (arity: kotlin.Int) declared in kotlin.jvm.internal.Lambda'
                                      arity: CONST Int type=kotlin.Int value=0
                                    BLOCK type=kotlin.Unit origin=null
                                FUN name:invoke visibility:public modality:FINAL <> ($this:com.vito.client.screens.HomeScreenKt.HomeScreen.<no name provided>.invoke.<no name provided>.invoke.<no name provided>) returnType:kotlin.Unit
                                  overridden:
                                    public abstract fun invoke (): R of kotlin.Function0 [operator] declared in kotlin.Function0
                                  $this: VALUE_PARAMETER INSTANCE_RECEIVER name:<this> type:com.vito.client.screens.HomeScreenKt.HomeScreen.<no name provided>.invoke.<no name provided>.invoke.<no name provided>
                                  BLOCK_BODY
                                    CALL 'public final fun access$HomeScreen$lambda$2 ($selectedTab$delegate: androidx.compose.runtime.MutableState<kotlin.String>, value: kotlin.String): kotlin.Unit declared in com.vito.client.screens.HomeScreenKt' type=kotlin.Unit origin=EQ
                                      $selectedTab$delegate: GET_FIELD 'FIELD FIELD_FOR_CAPTURED_VALUE name:$selectedTab$delegate type:androidx.compose.runtime.MutableState<kotlin.String> visibility:public/*package*/ [final]' type=androidx.compose.runtime.MutableState<kotlin.String> origin=null
                                        receiver: GET_VAR '<this>: com.vito.client.screens.HomeScreenKt.HomeScreen.<no name provided>.invoke.<no name provided>.invoke.<no name provided> declared in com.vito.client.screens.HomeScreenKt.HomeScreen.<no name provided>.invoke.<no name provided>.invoke.<no name provided>.invoke' type=com.vito.client.screens.HomeScreenKt.HomeScreen.<no name provided>.invoke.<no name provided>.invoke.<no name provided> origin=null
                                      value: CONST String type=kotlin.String value="home"
                                FIELD FIELD_FOR_CAPTURED_VALUE name:$selectedTab$delegate type:androidx.compose.runtime.MutableState<kotlin.String> visibility:public/*package*/ [final]
                                FUN BRIDGE name:invoke visibility:public modality:OPEN <> ($this:com.vito.client.screens.HomeScreenKt.HomeScreen.<no name provided>.invoke.<no name provided>.invoke.<no name provided>) returnType:kotlin.Any?
                                  $this: VALUE_PARAMETER INSTANCE_RECEIVER name:<this> type:com.vito.client.screens.HomeScreenKt.HomeScreen.<no name provided>.invoke.<no name provided>.invoke.<no name provided>
                                  EXPRESSION_BODY
                                    RETURN type=kotlin.Nothing from='public open fun invoke (): kotlin.Any? declared in com.vito.client.screens.HomeScreenKt.HomeScreen.<no name provided>.invoke.<no name provided>.invoke.<no name provided>'
                                      CALL 'public final fun invoke (): kotlin.Unit declared in com.vito.client.screens.HomeScreenKt.HomeScreen.<no name provided>.invoke.<no name provided>.invoke.<no name provided>' type=kotlin.Unit origin=BRIDGE_DELEGATION
                                        $this: GET_VAR '<this>: com.vito.client.screens.HomeScreenKt.HomeScreen.<no name provided>.invoke.<no name provided>.invoke.<no name provided> declared in com.vito.client.screens.HomeScreenKt.HomeScreen.<no name provided>.invoke.<no name provided>.invoke.<no name provided>.invoke' type=com.vito.client.screens.HomeScreenKt.HomeScreen.<no name provided>.invoke.<no name provided>.invoke.<no name provided> origin=null
                              CONSTRUCTOR_CALL 'public/*package*/ constructor <init> ($selectedTab$delegate: androidx.compose.runtime.MutableState<kotlin.String>) [primary] declared in com.vito.client.screens.HomeScreenKt.HomeScreen.<no name provided>.invoke.<no name provided>.invoke.<no name provided>' type=com.vito.client.screens.HomeScreenKt.HomeScreen.<no name provided>.invoke.<no name provided>.invoke.<no name provided> origin=null
                                $selectedTab$delegate: GET_FIELD 'FIELD FIELD_FOR_CAPTURED_VALUE name:$selectedTab$delegate type:androidx.compose.runtime.MutableState<kotlin.String> visibility:public/*package*/ [final]' type=androidx.compose.runtime.MutableState<kotlin.String> origin=null
                                  receiver: GET_VAR '<this>: com.vito.client.screens.HomeScreenKt.HomeScreen.<no name provided>.invoke.<no name provided> declared in com.vito.client.screens.HomeScreenKt.HomeScreen.<no name provided>.invoke.<no name provided>.invoke' type=com.vito.client.screens.HomeScreenKt.HomeScreen.<no name provided>.invoke.<no name provided> origin=null
                            icon: BLOCK type=com.vito.client.screens.HomeScreenKt.HomeScreen.<no name provided>.invoke.<no name provided>.invoke.<no name provided> origin=null
                              CLASS LAMBDA_IMPL CLASS name:<no name provided> modality:FINAL visibility:public/*package*/ superTypes:[kotlin.jvm.internal.Lambda; kotlin.Function0<kotlin.Unit>]
                                $this: VALUE_PARAMETER INSTANCE_RECEIVER name:<this> type:com.vito.client.screens.HomeScreenKt.HomeScreen.<no name provided>.invoke.<no name provided>.invoke.<no name provided>
                                CONSTRUCTOR GENERATED_MEMBER_IN_CALLABLE_REFERENCE visibility:public/*package*/ <> () returnType:com.vito.client.screens.HomeScreenKt.HomeScreen.<no name provided>.invoke.<no name provided>.invoke.<no name provided> [primary]
                                  BLOCK_BODY
                                    DELEGATING_CONSTRUCTOR_CALL 'public constructor <init> (arity: kotlin.Int) declared in kotlin.jvm.internal.Lambda'
                                      arity: CONST Int type=kotlin.Int value=0
                                    BLOCK type=kotlin.Unit origin=null
                                FUN name:invoke visibility:public modality:FINAL <> ($this:com.vito.client.screens.HomeScreenKt.HomeScreen.<no name provided>.invoke.<no name provided>.invoke.<no name provided>) returnType:kotlin.Unit
                                  overridden:
                                    public abstract fun invoke (): R of kotlin.Function0 [operator] declared in kotlin.Function0
                                  $this: VALUE_PARAMETER INSTANCE_RECEIVER name:<this> type:com.vito.client.screens.HomeScreenKt.HomeScreen.<no name provided>.invoke.<no name provided>.invoke.<no name provided>
                                  BLOCK_BODY
                                    CALL 'public final fun Icon-BG621w0$default (imageVector: androidx.compose.ui.graphics.vector.ImageVector, contentDescription: kotlin.String?, modifier: androidx.compose.ui.Modifier?, tint: androidx.compose.ui.graphics.Color, $mask0: kotlin.Int, $handler: kotlin.Any?): kotlin.Unit declared in androidx.compose.material3.IconKt' type=kotlin.Unit origin=DEFAULT_DISPATCH_CALL
                                      imageVector: CALL 'public final fun <get-Home> (): androidx.compose.ui.graphics.vector.ImageVector declared in androidx.compose.material.icons.filled.HomeKt' type=androidx.compose.ui.graphics.vector.ImageVector origin=GET_PROPERTY
                                        $receiver: CALL 'public final fun <get-Default> (): androidx.compose.material.icons.Icons.Filled declared in androidx.compose.material.icons.Icons' type=androidx.compose.material.icons.Icons.Filled origin=GET_PROPERTY
                                          $this: GET_FIELD 'FIELD FIELD_FOR_OBJECT_INSTANCE name:INSTANCE type:androidx.compose.material.icons.Icons visibility:public [final,static]' type=androidx.compose.material.icons.Icons origin=null
                                      contentDescription: CONST String type=kotlin.String value="Home"
                                      modifier: COMPOSITE type=androidx.compose.ui.Modifier? origin=DEFAULT_VALUE
                                        CONST Null type=androidx.compose.ui.Modifier? value=null
                                      tint: COMPOSITE type=androidx.compose.ui.graphics.Color origin=DEFAULT_VALUE
                                        CALL 'public final fun <unsafe-coerce> <T, R> (v: T of kotlin.jvm.internal.<unsafe-coerce>): R of kotlin.jvm.internal.<unsafe-coerce> declared in kotlin.jvm.internal' type=androidx.compose.ui.graphics.Color origin=null
                                          <T>: kotlin.Long
                                          <R>: androidx.compose.ui.graphics.Color
                                          v: CONST Long type=kotlin.Long value=0
                                      $mask0: CONST Int type=kotlin.Int value=12
                                      $handler: CONST Null type=kotlin.Any? value=null
                                FIELD FIELD_FOR_OBJECT_INSTANCE name:INSTANCE type:com.vito.client.screens.HomeScreenKt.HomeScreen.<no name provided>.invoke.<no name provided>.invoke.<no name provided> visibility:public [final,static]
                                FUN CLASS_STATIC_INITIALIZER name:<clinit> visibility:public/*package*/ modality:FINAL <> () returnType:kotlin.Unit
                                  BLOCK_BODY
                                    SET_FIELD 'FIELD FIELD_FOR_OBJECT_INSTANCE name:INSTANCE type:com.vito.client.screens.HomeScreenKt.HomeScreen.<no name provided>.invoke.<no name provided>.invoke.<no name provided> visibility:public [final,static]' type=kotlin.Unit origin=INITIALIZE_FIELD
                                      value: CONSTRUCTOR_CALL 'public/*package*/ constructor <init> () [primary] declared in com.vito.client.screens.HomeScreenKt.HomeScreen.<no name provided>.invoke.<no name provided>.invoke.<no name provided>' type=com.vito.client.screens.HomeScreenKt.HomeScreen.<no name provided>.invoke.<no name provided>.invoke.<no name provided> origin=null
                                FUN BRIDGE name:invoke visibility:public modality:OPEN <> ($this:com.vito.client.screens.HomeScreenKt.HomeScreen.<no name provided>.invoke.<no name provided>.invoke.<no name provided>) returnType:kotlin.Any?
                                  $this: VALUE_PARAMETER INSTANCE_RECEIVER name:<this> type:com.vito.client.screens.HomeScreenKt.HomeScreen.<no name provided>.invoke.<no name provided>.invoke.<no name provided>
                                  EXPRESSION_BODY
                                    RETURN type=kotlin.Nothing from='public open fun invoke (): kotlin.Any? declared in com.vito.client.screens.HomeScreenKt.HomeScreen.<no name provided>.invoke.<no name provided>.invoke.<no name provided>'
                                      CALL 'public final fun invoke (): kotlin.Unit declared in com.vito.client.screens.HomeScreenKt.HomeScreen.<no name provided>.invoke.<no name provided>.invoke.<no name provided>' type=kotlin.Unit origin=BRIDGE_DELEGATION
                                        $this: GET_VAR '<this>: com.vito.client.screens.HomeScreenKt.HomeScreen.<no name provided>.invoke.<no name provided>.invoke.<no name provided> declared in com.vito.client.screens.HomeScreenKt.HomeScreen.<no name provided>.invoke.<no name provided>.invoke.<no name provided>.invoke' type=com.vito.client.screens.HomeScreenKt.HomeScreen.<no name provided>.invoke.<no name provided>.invoke.<no name provided> origin=null
                              GET_FIELD 'FIELD FIELD_FOR_OBJECT_INSTANCE name:INSTANCE type:com.vito.client.screens.HomeScreenKt.HomeScreen.<no name provided>.invoke.<no name provided>.invoke.<no name provided> visibility:public [final,static]' type=com.vito.client.screens.HomeScreenKt.HomeScreen.<no name provided>.invoke.<no name provided>.invoke.<no name provided> origin=null
                            modifier: COMPOSITE type=androidx.compose.ui.Modifier? origin=DEFAULT_VALUE
                              CONST Null type=androidx.compose.ui.Modifier? value=null
                            enabled: COMPOSITE type=kotlin.Boolean origin=DEFAULT_VALUE
                              CONST Boolean type=kotlin.Boolean value=false
                            label: BLOCK type=com.vito.client.screens.HomeScreenKt.HomeScreen.<no name provided>.invoke.<no name provided>.invoke.<no name provided> origin=null
                              CLASS LAMBDA_IMPL CLASS name:<no name provided> modality:FINAL visibility:public/*package*/ superTypes:[kotlin.jvm.internal.Lambda; kotlin.Function0<kotlin.Unit>]
                                $this: VALUE_PARAMETER INSTANCE_RECEIVER name:<this> type:com.vito.client.screens.HomeScreenKt.HomeScreen.<no name provided>.invoke.<no name provided>.invoke.<no name provided>
                                CONSTRUCTOR GENERATED_MEMBER_IN_CALLABLE_REFERENCE visibility:public/*package*/ <> () returnType:com.vito.client.screens.HomeScreenKt.HomeScreen.<no name provided>.invoke.<no name provided>.invoke.<no name provided> [primary]
                                  BLOCK_BODY
                                    DELEGATING_CONSTRUCTOR_CALL 'public constructor <init> (arity: kotlin.Int) declared in kotlin.jvm.internal.Lambda'
                                      arity: CONST Int type=kotlin.Int value=0
                                    BLOCK type=kotlin.Unit origin=null
                                FUN name:invoke visibility:public modality:FINAL <> ($this:com.vito.client.screens.HomeScreenKt.HomeScreen.<no name provided>.invoke.<no name provided>.invoke.<no name provided>) returnType:kotlin.Unit
                                  overridden:
                                    public abstract fun invoke (): R of kotlin.Function0 [operator] declared in kotlin.Function0
                                  $this: VALUE_PARAMETER INSTANCE_RECEIVER name:<this> type:com.vito.client.screens.HomeScreenKt.HomeScreen.<no name provided>.invoke.<no name provided>.invoke.<no name provided>
                                  BLOCK_BODY
                                    CALL 'public final fun Text-wnt91jo$default (text: kotlin.String, modifier: androidx.compose.ui.Modifier?, color: androidx.compose.ui.graphics.Color, fontSize: androidx.compose.ui.unit.TextUnit, fontStyle: androidx.compose.ui.text.font.FontStyle?, fontWeight: androidx.compose.ui.text.font.FontWeight?, fontFamily: androidx.compose.ui.text.font.FontFamily?, letterSpacing: androidx.compose.ui.unit.TextUnit, textDecoration: androidx.compose.ui.text.style.TextDecoration?, textAlign: androidx.compose.ui.text.style.TextAlign?, lineHeight: androidx.compose.ui.unit.TextUnit, overflow: androidx.compose.ui.text.style.TextOverflow, softWrap: kotlin.Boolean, maxLines: kotlin.Int, minLines: kotlin.Int, onTextLayout: kotlin.Function1<androidx.compose.ui.text.TextLayoutResult, kotlin.Unit>?, style: androidx.compose.ui.text.TextStyle?, $mask0: kotlin.Int, $handler: kotlin.Any?): kotlin.Unit declared in androidx.compose.material3.TextKt' type=kotlin.Unit origin=DEFAULT_DISPATCH_CALL
                                      text: CONST String type=kotlin.String value="Home"
                                      modifier: COMPOSITE type=androidx.compose.ui.Modifier? origin=DEFAULT_VALUE
                                        CONST Null type=androidx.compose.ui.Modifier? value=null
                                      color: COMPOSITE type=androidx.compose.ui.graphics.Color origin=DEFAULT_VALUE
                                        CALL 'public final fun <unsafe-coerce> <T, R> (v: T of kotlin.jvm.internal.<unsafe-coerce>): R of kotlin.jvm.internal.<unsafe-coerce> declared in kotlin.jvm.internal' type=androidx.compose.ui.graphics.Color origin=null
                                          <T>: kotlin.Long
                                          <R>: androidx.compose.ui.graphics.Color
                                          v: CONST Long type=kotlin.Long value=0
                                      fontSize: COMPOSITE type=androidx.compose.ui.unit.TextUnit origin=DEFAULT_VALUE
                                        CALL 'public final fun <unsafe-coerce> <T, R> (v: T of kotlin.jvm.internal.<unsafe-coerce>): R of kotlin.jvm.internal.<unsafe-coerce> declared in kotlin.jvm.internal' type=androidx.compose.ui.unit.TextUnit origin=null
                                          <T>: kotlin.Long
                                          <R>: androidx.compose.ui.unit.TextUnit
                                          v: CONST Long type=kotlin.Long value=0
                                      fontStyle: COMPOSITE type=androidx.compose.ui.text.font.FontStyle? origin=DEFAULT_VALUE
                                        CONST Null type=androidx.compose.ui.text.font.FontStyle? value=null
                                      fontWeight: COMPOSITE type=androidx.compose.ui.text.font.FontWeight? origin=DEFAULT_VALUE
                                        CONST Null type=androidx.compose.ui.text.font.FontWeight? value=null
                                      fontFamily: COMPOSITE type=androidx.compose.ui.text.font.FontFamily? origin=DEFAULT_VALUE
                                        CONST Null type=androidx.compose.ui.text.font.FontFamily? value=null
                                      letterSpacing: COMPOSITE type=androidx.compose.ui.unit.TextUnit origin=DEFAULT_VALUE
                                        CALL 'public final fun <unsafe-coerce> <T, R> (v: T of kotlin.jvm.internal.<unsafe-coerce>): R of kotlin.jvm.internal.<unsafe-coerce> declared in kotlin.jvm.internal' type=androidx.compose.ui.unit.TextUnit origin=null
                                          <T>: kotlin.Long
                                          <R>: androidx.compose.ui.unit.TextUnit
                                          v: CONST Long type=kotlin.Long value=0
                                      textDecoration: COMPOSITE type=androidx.compose.ui.text.style.TextDecoration? origin=DEFAULT_VALUE
                                        CONST Null type=androidx.compose.ui.text.style.TextDecoration? value=null
                                      textAlign: COMPOSITE type=androidx.compose.ui.text.style.TextAlign? origin=DEFAULT_VALUE
                                        CONST Null type=androidx.compose.ui.text.style.TextAlign? value=null
                                      lineHeight: COMPOSITE type=androidx.compose.ui.unit.TextUnit origin=DEFAULT_VALUE
                                        CALL 'public final fun <unsafe-coerce> <T, R> (v: T of kotlin.jvm.internal.<unsafe-coerce>): R of kotlin.jvm.internal.<unsafe-coerce> declared in kotlin.jvm.internal' type=androidx.compose.ui.unit.TextUnit origin=null
                                          <T>: kotlin.Long
                                          <R>: androidx.compose.ui.unit.TextUnit
                                          v: CONST Long type=kotlin.Long value=0
                                      overflow: COMPOSITE type=androidx.compose.ui.text.style.TextOverflow origin=DEFAULT_VALUE
                                        CALL 'public final fun <unsafe-coerce> <T, R> (v: T of kotlin.jvm.internal.<unsafe-coerce>): R of kotlin.jvm.internal.<unsafe-coerce> declared in kotlin.jvm.internal' type=androidx.compose.ui.text.style.TextOverflow origin=null
                                          <T>: kotlin.Int
                                          <R>: androidx.compose.ui.text.style.TextOverflow
                                          v: CONST Int type=kotlin.Int value=0
                                      softWrap: COMPOSITE type=kotlin.Boolean origin=DEFAULT_VALUE
                                        CONST Boolean type=kotlin.Boolean value=false
                                      maxLines: COMPOSITE type=kotlin.Int origin=DEFAULT_VALUE
                                        CONST Int type=kotlin.Int value=0
                                      minLines: COMPOSITE type=kotlin.Int origin=DEFAULT_VALUE
                                        CONST Int type=kotlin.Int value=0
                                      onTextLayout: COMPOSITE type=kotlin.Function1<androidx.compose.ui.text.TextLayoutResult, kotlin.Unit>? origin=DEFAULT_VALUE
                                        CONST Null type=kotlin.Function1<androidx.compose.ui.text.TextLayoutResult, kotlin.Unit>? value=null
                                      style: COMPOSITE type=androidx.compose.ui.text.TextStyle? origin=DEFAULT_VALUE
                                        CONST Null type=androidx.compose.ui.text.TextStyle? value=null
                                      $mask0: CONST Int type=kotlin.Int value=131070
                                      $handler: CONST Null type=kotlin.Any? value=null
                                FIELD FIELD_FOR_OBJECT_INSTANCE name:INSTANCE type:com.vito.client.screens.HomeScreenKt.HomeScreen.<no name provided>.invoke.<no name provided>.invoke.<no name provided> visibility:public [final,static]
                                FUN CLASS_STATIC_INITIALIZER name:<clinit> visibility:public/*package*/ modality:FINAL <> () returnType:kotlin.Unit
                                  BLOCK_BODY
                                    SET_FIELD 'FIELD FIELD_FOR_OBJECT_INSTANCE name:INSTANCE type:com.vito.client.screens.HomeScreenKt.HomeScreen.<no name provided>.invoke.<no name provided>.invoke.<no name provided> visibility:public [final,static]' type=kotlin.Unit origin=INITIALIZE_FIELD
                                      value: CONSTRUCTOR_CALL 'public/*package*/ constructor <init> () [primary] declared in com.vito.client.screens.HomeScreenKt.HomeScreen.<no name provided>.invoke.<no name provided>.invoke.<no name provided>' type=com.vito.client.screens.HomeScreenKt.HomeScreen.<no name provided>.invoke.<no name provided>.invoke.<no name provided> origin=null
                                FUN BRIDGE name:invoke visibility:public modality:OPEN <> ($this:com.vito.client.screens.HomeScreenKt.HomeScreen.<no name provided>.invoke.<no name provided>.invoke.<no name provided>) returnType:kotlin.Any?
                                  $this: VALUE_PARAMETER INSTANCE_RECEIVER name:<this> type:com.vito.client.screens.HomeScreenKt.HomeScreen.<no name provided>.invoke.<no name provided>.invoke.<no name provided>
                                  EXPRESSION_BODY
                                    RETURN type=kotlin.Nothing from='public open fun invoke (): kotlin.Any? declared in com.vito.client.screens.HomeScreenKt.HomeScreen.<no name provided>.invoke.<no name provided>.invoke.<no name provided>'
                                      CALL 'public final fun invoke (): kotlin.Unit declared in com.vito.client.screens.HomeScreenKt.HomeScreen.<no name provided>.invoke.<no name provided>.invoke.<no name provided>' type=kotlin.Unit origin=BRIDGE_DELEGATION
                                        $this: GET_VAR '<this>: com.vito.client.screens.HomeScreenKt.HomeScreen.<no name provided>.invoke.<no name provided>.invoke.<no name provided> declared in com.vito.client.screens.HomeScreenKt.HomeScreen.<no name provided>.invoke.<no name provided>.invoke.<no name provided>.invoke' type=com.vito.client.screens.HomeScreenKt.HomeScreen.<no name provided>.invoke.<no name provided>.invoke.<no name provided> origin=null
                              GET_FIELD 'FIELD FIELD_FOR_OBJECT_INSTANCE name:INSTANCE type:com.vito.client.screens.HomeScreenKt.HomeScreen.<no name provided>.invoke.<no name provided>.invoke.<no name provided> visibility:public [final,static]' type=com.vito.client.screens.HomeScreenKt.HomeScreen.<no name provided>.invoke.<no name provided>.invoke.<no name provided> origin=null
                            alwaysShowLabel: COMPOSITE type=kotlin.Boolean origin=DEFAULT_VALUE
                              CONST Boolean type=kotlin.Boolean value=false
                            colors: COMPOSITE type=androidx.compose.material3.NavigationBarItemColors? origin=DEFAULT_VALUE
                              CONST Null type=androidx.compose.material3.NavigationBarItemColors? value=null
                            interactionSource: COMPOSITE type=androidx.compose.foundation.interaction.MutableInteractionSource? origin=DEFAULT_VALUE
                              CONST Null type=androidx.compose.foundation.interaction.MutableInteractionSource? value=null
                            $mask0: CONST Int type=kotlin.Int value=472
                            $handler: CONST Null type=kotlin.Any? value=null
                        BLOCK type=kotlin.Unit origin=ARGUMENTS_REORDERING_FOR_CALL
                          VAR IR_TEMPORARY_VARIABLE name:tmp1_selected type:kotlin.Boolean [val]
                            CALL 'public final fun EQEQ (arg0: kotlin.Any?, arg1: kotlin.Any?): kotlin.Boolean declared in kotlin.internal.ir' type=kotlin.Boolean origin=EQEQ
                              arg0: CALL 'public final fun access$HomeScreen$lambda$1 ($selectedTab$delegate: androidx.compose.runtime.MutableState<kotlin.String>): kotlin.String declared in com.vito.client.screens.HomeScreenKt' type=kotlin.String origin=GET_LOCAL_PROPERTY
                                $selectedTab$delegate: GET_FIELD 'FIELD FIELD_FOR_CAPTURED_VALUE name:$selectedTab$delegate type:androidx.compose.runtime.MutableState<kotlin.String> visibility:public/*package*/ [final]' type=androidx.compose.runtime.MutableState<kotlin.String> origin=null
                                  receiver: GET_VAR '<this>: com.vito.client.screens.HomeScreenKt.HomeScreen.<no name provided>.invoke.<no name provided> declared in com.vito.client.screens.HomeScreenKt.HomeScreen.<no name provided>.invoke.<no name provided>.invoke' type=com.vito.client.screens.HomeScreenKt.HomeScreen.<no name provided>.invoke.<no name provided> origin=null
                              arg1: CONST String type=kotlin.String value="activity"
                          CALL 'public final fun NavigationBarItem$default (selected: kotlin.Boolean, onClick: kotlin.Function0<kotlin.Unit>, icon: @[Composable] kotlin.Function0<kotlin.Unit>, modifier: androidx.compose.ui.Modifier?, enabled: kotlin.Boolean, label: @[Composable] kotlin.Function0<kotlin.Unit>?, alwaysShowLabel: kotlin.Boolean, colors: androidx.compose.material3.NavigationBarItemColors?, interactionSource: androidx.compose.foundation.interaction.MutableInteractionSource?, $mask0: kotlin.Int, $handler: kotlin.Any?): kotlin.Unit declared in androidx.compose.material3.NavigationBarKt' type=kotlin.Unit origin=DEFAULT_DISPATCH_CALL
                            $receiver: GET_VAR '$this$NavigationBar: androidx.compose.foundation.layout.RowScope declared in com.vito.client.screens.HomeScreenKt.HomeScreen.<no name provided>.invoke.<no name provided>.invoke' type=androidx.compose.foundation.layout.RowScope origin=null
                            selected: GET_VAR 'val tmp1_selected: kotlin.Boolean [val] declared in com.vito.client.screens.HomeScreenKt.HomeScreen.<no name provided>.invoke.<no name provided>.invoke' type=kotlin.Boolean origin=null
                            onClick: BLOCK type=com.vito.client.screens.HomeScreenKt.HomeScreen.<no name provided>.invoke.<no name provided>.invoke.<no name provided> origin=null
                              CLASS LAMBDA_IMPL CLASS name:<no name provided> modality:FINAL visibility:public/*package*/ superTypes:[kotlin.jvm.internal.Lambda; kotlin.Function0<kotlin.Unit>]
                                $this: VALUE_PARAMETER INSTANCE_RECEIVER name:<this> type:com.vito.client.screens.HomeScreenKt.HomeScreen.<no name provided>.invoke.<no name provided>.invoke.<no name provided>
                                CONSTRUCTOR GENERATED_MEMBER_IN_CALLABLE_REFERENCE visibility:public/*package*/ <> ($selectedTab$delegate:androidx.compose.runtime.MutableState<kotlin.String>) returnType:com.vito.client.screens.HomeScreenKt.HomeScreen.<no name provided>.invoke.<no name provided>.invoke.<no name provided> [primary]
                                  VALUE_PARAMETER BOUND_VALUE_PARAMETER name:$selectedTab$delegate index:0 type:androidx.compose.runtime.MutableState<kotlin.String>
                                  BLOCK_BODY
                                    SET_FIELD 'FIELD FIELD_FOR_CAPTURED_VALUE name:$selectedTab$delegate type:androidx.compose.runtime.MutableState<kotlin.String> visibility:public/*package*/ [final]' type=kotlin.Unit origin=INITIALIZER_OF_FIELD_FOR_CAPTURED_VALUE
                                      receiver: GET_VAR '<this>: com.vito.client.screens.HomeScreenKt.HomeScreen.<no name provided>.invoke.<no name provided>.invoke.<no name provided> declared in com.vito.client.screens.HomeScreenKt.HomeScreen.<no name provided>.invoke.<no name provided>.invoke.<no name provided>' type=com.vito.client.screens.HomeScreenKt.HomeScreen.<no name provided>.invoke.<no name provided>.invoke.<no name provided> origin=null
                                      value: GET_VAR '$selectedTab$delegate: androidx.compose.runtime.MutableState<kotlin.String> declared in com.vito.client.screens.HomeScreenKt.HomeScreen.<no name provided>.invoke.<no name provided>.invoke.<no name provided>.<init>' type=androidx.compose.runtime.MutableState<kotlin.String> origin=null
                                    DELEGATING_CONSTRUCTOR_CALL 'public constructor <init> (arity: kotlin.Int) declared in kotlin.jvm.internal.Lambda'
                                      arity: CONST Int type=kotlin.Int value=0
                                    BLOCK type=kotlin.Unit origin=null
                                FUN name:invoke visibility:public modality:FINAL <> ($this:com.vito.client.screens.HomeScreenKt.HomeScreen.<no name provided>.invoke.<no name provided>.invoke.<no name provided>) returnType:kotlin.Unit
                                  overridden:
                                    public abstract fun invoke (): R of kotlin.Function0 [operator] declared in kotlin.Function0
                                  $this: VALUE_PARAMETER INSTANCE_RECEIVER name:<this> type:com.vito.client.screens.HomeScreenKt.HomeScreen.<no name provided>.invoke.<no name provided>.invoke.<no name provided>
                                  BLOCK_BODY
                                    CALL 'public final fun access$HomeScreen$lambda$2 ($selectedTab$delegate: androidx.compose.runtime.MutableState<kotlin.String>, value: kotlin.String): kotlin.Unit declared in com.vito.client.screens.HomeScreenKt' type=kotlin.Unit origin=EQ
                                      $selectedTab$delegate: GET_FIELD 'FIELD FIELD_FOR_CAPTURED_VALUE name:$selectedTab$delegate type:androidx.compose.runtime.MutableState<kotlin.String> visibility:public/*package*/ [final]' type=androidx.compose.runtime.MutableState<kotlin.String> origin=null
                                        receiver: GET_VAR '<this>: com.vito.client.screens.HomeScreenKt.HomeScreen.<no name provided>.invoke.<no name provided>.invoke.<no name provided> declared in com.vito.client.screens.HomeScreenKt.HomeScreen.<no name provided>.invoke.<no name provided>.invoke.<no name provided>.invoke' type=com.vito.client.screens.HomeScreenKt.HomeScreen.<no name provided>.invoke.<no name provided>.invoke.<no name provided> origin=null
                                      value: CONST String type=kotlin.String value="activity"
                                FIELD FIELD_FOR_CAPTURED_VALUE name:$selectedTab$delegate type:androidx.compose.runtime.MutableState<kotlin.String> visibility:public/*package*/ [final]
                                FUN BRIDGE name:invoke visibility:public modality:OPEN <> ($this:com.vito.client.screens.HomeScreenKt.HomeScreen.<no name provided>.invoke.<no name provided>.invoke.<no name provided>) returnType:kotlin.Any?
                                  $this: VALUE_PARAMETER INSTANCE_RECEIVER name:<this> type:com.vito.client.screens.HomeScreenKt.HomeScreen.<no name provided>.invoke.<no name provided>.invoke.<no name provided>
                                  EXPRESSION_BODY
                                    RETURN type=kotlin.Nothing from='public open fun invoke (): kotlin.Any? declared in com.vito.client.screens.HomeScreenKt.HomeScreen.<no name provided>.invoke.<no name provided>.invoke.<no name provided>'
                                      CALL 'public final fun invoke (): kotlin.Unit declared in com.vito.client.screens.HomeScreenKt.HomeScreen.<no name provided>.invoke.<no name provided>.invoke.<no name provided>' type=kotlin.Unit origin=BRIDGE_DELEGATION
                                        $this: GET_VAR '<this>: com.vito.client.screens.HomeScreenKt.HomeScreen.<no name provided>.invoke.<no name provided>.invoke.<no name provided> declared in com.vito.client.screens.HomeScreenKt.HomeScreen.<no name provided>.invoke.<no name provided>.invoke.<no name provided>.invoke' type=com.vito.client.screens.HomeScreenKt.HomeScreen.<no name provided>.invoke.<no name provided>.invoke.<no name provided> origin=null
                              CONSTRUCTOR_CALL 'public/*package*/ constructor <init> ($selectedTab$delegate: androidx.compose.runtime.MutableState<kotlin.String>) [primary] declared in com.vito.client.screens.HomeScreenKt.HomeScreen.<no name provided>.invoke.<no name provided>.invoke.<no name provided>' type=com.vito.client.screens.HomeScreenKt.HomeScreen.<no name provided>.invoke.<no name provided>.invoke.<no name provided> origin=null
                                $selectedTab$delegate: GET_FIELD 'FIELD FIELD_FOR_CAPTURED_VALUE name:$selectedTab$delegate type:androidx.compose.runtime.MutableState<kotlin.String> visibility:public/*package*/ [final]' type=androidx.compose.runtime.MutableState<kotlin.String> origin=null
                                  receiver: GET_VAR '<this>: com.vito.client.screens.HomeScreenKt.HomeScreen.<no name provided>.invoke.<no name provided> declared in com.vito.client.screens.HomeScreenKt.HomeScreen.<no name provided>.invoke.<no name provided>.invoke' type=com.vito.client.screens.HomeScreenKt.HomeScreen.<no name provided>.invoke.<no name provided> origin=null
                            icon: BLOCK type=com.vito.client.screens.HomeScreenKt.HomeScreen.<no name provided>.invoke.<no name provided>.invoke.<no name provided> origin=null
                              CLASS LAMBDA_IMPL CLASS name:<no name provided> modality:FINAL visibility:public/*package*/ superTypes:[kotlin.jvm.internal.Lambda; kotlin.Function0<kotlin.Unit>]
                                $this: VALUE_PARAMETER INSTANCE_RECEIVER name:<this> type:com.vito.client.screens.HomeScreenKt.HomeScreen.<no name provided>.invoke.<no name provided>.invoke.<no name provided>
                                CONSTRUCTOR GENERATED_MEMBER_IN_CALLABLE_REFERENCE visibility:public/*package*/ <> () returnType:com.vito.client.screens.HomeScreenKt.HomeScreen.<no name provided>.invoke.<no name provided>.invoke.<no name provided> [primary]
                                  BLOCK_BODY
                                    DELEGATING_CONSTRUCTOR_CALL 'public constructor <init> (arity: kotlin.Int) declared in kotlin.jvm.internal.Lambda'
                                      arity: CONST Int type=kotlin.Int value=0
                                    BLOCK type=kotlin.Unit origin=null
                                FUN name:invoke visibility:public modality:FINAL <> ($this:com.vito.client.screens.HomeScreenKt.HomeScreen.<no name provided>.invoke.<no name provided>.invoke.<no name provided>) returnType:kotlin.Unit
                                  overridden:
                                    public abstract fun invoke (): R of kotlin.Function0 [operator] declared in kotlin.Function0
                                  $this: VALUE_PARAMETER INSTANCE_RECEIVER name:<this> type:com.vito.client.screens.HomeScreenKt.HomeScreen.<no name provided>.invoke.<no name provided>.invoke.<no name provided>
                                  BLOCK_BODY
                                    CALL 'public final fun Icon-BG621w0$default (imageVector: androidx.compose.ui.graphics.vector.ImageVector, contentDescription: kotlin.String?, modifier: androidx.compose.ui.Modifier?, tint: androidx.compose.ui.graphics.Color, $mask0: kotlin.Int, $handler: kotlin.Any?): kotlin.Unit declared in androidx.compose.material3.IconKt' type=kotlin.Unit origin=DEFAULT_DISPATCH_CALL
                                      imageVector: CALL 'public final fun <get-History> (): androidx.compose.ui.graphics.vector.ImageVector declared in androidx.compose.material.icons.filled.HistoryKt' type=androidx.compose.ui.graphics.vector.ImageVector origin=GET_PROPERTY
                                        $receiver: CALL 'public final fun <get-Default> (): androidx.compose.material.icons.Icons.Filled declared in androidx.compose.material.icons.Icons' type=androidx.compose.material.icons.Icons.Filled origin=GET_PROPERTY
                                          $this: GET_FIELD 'FIELD FIELD_FOR_OBJECT_INSTANCE name:INSTANCE type:androidx.compose.material.icons.Icons visibility:public [final,static]' type=androidx.compose.material.icons.Icons origin=null
                                      contentDescription: CONST String type=kotlin.String value="Activity"
                                      modifier: COMPOSITE type=androidx.compose.ui.Modifier? origin=DEFAULT_VALUE
                                        CONST Null type=androidx.compose.ui.Modifier? value=null
                                      tint: COMPOSITE type=androidx.compose.ui.graphics.Color origin=DEFAULT_VALUE
                                        CALL 'public final fun <unsafe-coerce> <T, R> (v: T of kotlin.jvm.internal.<unsafe-coerce>): R of kotlin.jvm.internal.<unsafe-coerce> declared in kotlin.jvm.internal' type=androidx.compose.ui.graphics.Color origin=null
                                          <T>: kotlin.Long
                                          <R>: androidx.compose.ui.graphics.Color
                                          v: CONST Long type=kotlin.Long value=0
                                      $mask0: CONST Int type=kotlin.Int value=12
                                      $handler: CONST Null type=kotlin.Any? value=null
                                FIELD FIELD_FOR_OBJECT_INSTANCE name:INSTANCE type:com.vito.client.screens.HomeScreenKt.HomeScreen.<no name provided>.invoke.<no name provided>.invoke.<no name provided> visibility:public [final,static]
                                FUN CLASS_STATIC_INITIALIZER name:<clinit> visibility:public/*package*/ modality:FINAL <> () returnType:kotlin.Unit
                                  BLOCK_BODY
                                    SET_FIELD 'FIELD FIELD_FOR_OBJECT_INSTANCE name:INSTANCE type:com.vito.client.screens.HomeScreenKt.HomeScreen.<no name provided>.invoke.<no name provided>.invoke.<no name provided> visibility:public [final,static]' type=kotlin.Unit origin=INITIALIZE_FIELD
                                      value: CONSTRUCTOR_CALL 'public/*package*/ constructor <init> () [primary] declared in com.vito.client.screens.HomeScreenKt.HomeScreen.<no name provided>.invoke.<no name provided>.invoke.<no name provided>' type=com.vito.client.screens.HomeScreenKt.HomeScreen.<no name provided>.invoke.<no name provided>.invoke.<no name provided> origin=null
                                FUN BRIDGE name:invoke visibility:public modality:OPEN <> ($this:com.vito.client.screens.HomeScreenKt.HomeScreen.<no name provided>.invoke.<no name provided>.invoke.<no name provided>) returnType:kotlin.Any?
                                  $this: VALUE_PARAMETER INSTANCE_RECEIVER name:<this> type:com.vito.client.screens.HomeScreenKt.HomeScreen.<no name provided>.invoke.<no name provided>.invoke.<no name provided>
                                  EXPRESSION_BODY
                                    RETURN type=kotlin.Nothing from='public open fun invoke (): kotlin.Any? declared in com.vito.client.screens.HomeScreenKt.HomeScreen.<no name provided>.invoke.<no name provided>.invoke.<no name provided>'
                                      CALL 'public final fun invoke (): kotlin.Unit declared in com.vito.client.screens.HomeScreenKt.HomeScreen.<no name provided>.invoke.<no name provided>.invoke.<no name provided>' type=kotlin.Unit origin=BRIDGE_DELEGATION
                                        $this: GET_VAR '<this>: com.vito.client.screens.HomeScreenKt.HomeScreen.<no name provided>.invoke.<no name provided>.invoke.<no name provided> declared in com.vito.client.screens.HomeScreenKt.HomeScreen.<no name provided>.invoke.<no name provided>.invoke.<no name provided>.invoke' type=com.vito.client.screens.HomeScreenKt.HomeScreen.<no name provided>.invoke.<no name provided>.invoke.<no name provided> origin=null
                              GET_FIELD 'FIELD FIELD_FOR_OBJECT_INSTANCE name:INSTANCE type:com.vito.client.screens.HomeScreenKt.HomeScreen.<no name provided>.invoke.<no name provided>.invoke.<no name provided> visibility:public [final,static]' type=com.vito.client.screens.HomeScreenKt.HomeScreen.<no name provided>.invoke.<no name provided>.invoke.<no name provided> origin=null
                            modifier: COMPOSITE type=androidx.compose.ui.Modifier? origin=DEFAULT_VALUE
                              CONST Null type=androidx.compose.ui.Modifier? value=null
                            enabled: COMPOSITE type=kotlin.Boolean origin=DEFAULT_VALUE
                              CONST Boolean type=kotlin.Boolean value=false
                            label: BLOCK type=com.vito.client.screens.HomeScreenKt.HomeScreen.<no name provided>.invoke.<no name provided>.invoke.<no name provided> origin=null
                              CLASS LAMBDA_IMPL CLASS name:<no name provided> modality:FINAL visibility:public/*package*/ superTypes:[kotlin.jvm.internal.Lambda; kotlin.Function0<kotlin.Unit>]
                                $this: VALUE_PARAMETER INSTANCE_RECEIVER name:<this> type:com.vito.client.screens.HomeScreenKt.HomeScreen.<no name provided>.invoke.<no name provided>.invoke.<no name provided>
                                CONSTRUCTOR GENERATED_MEMBER_IN_CALLABLE_REFERENCE visibility:public/*package*/ <> () returnType:com.vito.client.screens.HomeScreenKt.HomeScreen.<no name provided>.invoke.<no name provided>.invoke.<no name provided> [primary]
                                  BLOCK_BODY
                                    DELEGATING_CONSTRUCTOR_CALL 'public constructor <init> (arity: kotlin.Int) declared in kotlin.jvm.internal.Lambda'
                                      arity: CONST Int type=kotlin.Int value=0
                                    BLOCK type=kotlin.Unit origin=null
                                FUN name:invoke visibility:public modality:FINAL <> ($this:com.vito.client.screens.HomeScreenKt.HomeScreen.<no name provided>.invoke.<no name provided>.invoke.<no name provided>) returnType:kotlin.Unit
                                  overridden:
                                    public abstract fun invoke (): R of kotlin.Function0 [operator] declared in kotlin.Function0
                                  $this: VALUE_PARAMETER INSTANCE_RECEIVER name:<this> type:com.vito.client.screens.HomeScreenKt.HomeScreen.<no name provided>.invoke.<no name provided>.invoke.<no name provided>
                                  BLOCK_BODY
                                    CALL 'public final fun Text-wnt91jo$default (text: kotlin.String, modifier: androidx.compose.ui.Modifier?, color: androidx.compose.ui.graphics.Color, fontSize: androidx.compose.ui.unit.TextUnit, fontStyle: androidx.compose.ui.text.font.FontStyle?, fontWeight: androidx.compose.ui.text.font.FontWeight?, fontFamily: androidx.compose.ui.text.font.FontFamily?, letterSpacing: androidx.compose.ui.unit.TextUnit, textDecoration: androidx.compose.ui.text.style.TextDecoration?, textAlign: androidx.compose.ui.text.style.TextAlign?, lineHeight: androidx.compose.ui.unit.TextUnit, overflow: androidx.compose.ui.text.style.TextOverflow, softWrap: kotlin.Boolean, maxLines: kotlin.Int, minLines: kotlin.Int, onTextLayout: kotlin.Function1<androidx.compose.ui.text.TextLayoutResult, kotlin.Unit>?, style: androidx.compose.ui.text.TextStyle?, $mask0: kotlin.Int, $handler: kotlin.Any?): kotlin.Unit declared in androidx.compose.material3.TextKt' type=kotlin.Unit origin=DEFAULT_DISPATCH_CALL
                                      text: CONST String type=kotlin.String value="Activity"
                                      modifier: COMPOSITE type=androidx.compose.ui.Modifier? origin=DEFAULT_VALUE
                                        CONST Null type=androidx.compose.ui.Modifier? value=null
                                      color: COMPOSITE type=androidx.compose.ui.graphics.Color origin=DEFAULT_VALUE
                                        CALL 'public final fun <unsafe-coerce> <T, R> (v: T of kotlin.jvm.internal.<unsafe-coerce>): R of kotlin.jvm.internal.<unsafe-coerce> declared in kotlin.jvm.internal' type=androidx.compose.ui.graphics.Color origin=null
                                          <T>: kotlin.Long
                                          <R>: androidx.compose.ui.graphics.Color
                                          v: CONST Long type=kotlin.Long value=0
                                      fontSize: COMPOSITE type=androidx.compose.ui.unit.TextUnit origin=DEFAULT_VALUE
                                        CALL 'public final fun <unsafe-coerce> <T, R> (v: T of kotlin.jvm.internal.<unsafe-coerce>): R of kotlin.jvm.internal.<unsafe-coerce> declared in kotlin.jvm.internal' type=androidx.compose.ui.unit.TextUnit origin=null
                                          <T>: kotlin.Long
                                          <R>: androidx.compose.ui.unit.TextUnit
                                          v: CONST Long type=kotlin.Long value=0
                                      fontStyle: COMPOSITE type=androidx.compose.ui.text.font.FontStyle? origin=DEFAULT_VALUE
                                        CONST Null type=androidx.compose.ui.text.font.FontStyle? value=null
                                      fontWeight: COMPOSITE type=androidx.compose.ui.text.font.FontWeight? origin=DEFAULT_VALUE
                                        CONST Null type=androidx.compose.ui.text.font.FontWeight? value=null
                                      fontFamily: COMPOSITE type=androidx.compose.ui.text.font.FontFamily? origin=DEFAULT_VALUE
                                        CONST Null type=androidx.compose.ui.text.font.FontFamily? value=null
                                      letterSpacing: COMPOSITE type=androidx.compose.ui.unit.TextUnit origin=DEFAULT_VALUE
                                        CALL 'public final fun <unsafe-coerce> <T, R> (v: T of kotlin.jvm.internal.<unsafe-coerce>): R of kotlin.jvm.internal.<unsafe-coerce> declared in kotlin.jvm.internal' type=androidx.compose.ui.unit.TextUnit origin=null
                                          <T>: kotlin.Long
                                          <R>: androidx.compose.ui.unit.TextUnit
                                          v: CONST Long type=kotlin.Long value=0
                                      textDecoration: COMPOSITE type=androidx.compose.ui.text.style.TextDecoration? origin=DEFAULT_VALUE
                                        CONST Null type=androidx.compose.ui.text.style.TextDecoration? value=null
                                      textAlign: COMPOSITE type=androidx.compose.ui.text.style.TextAlign? origin=DEFAULT_VALUE
                                        CONST Null type=androidx.compose.ui.text.style.TextAlign? value=null
                                      lineHeight: COMPOSITE type=androidx.compose.ui.unit.TextUnit origin=DEFAULT_VALUE
                                        CALL 'public final fun <unsafe-coerce> <T, R> (v: T of kotlin.jvm.internal.<unsafe-coerce>): R of kotlin.jvm.internal.<unsafe-coerce> declared in kotlin.jvm.internal' type=androidx.compose.ui.unit.TextUnit origin=null
                                          <T>: kotlin.Long
                                          <R>: androidx.compose.ui.unit.TextUnit
                                          v: CONST Long type=kotlin.Long value=0
                                      overflow: COMPOSITE type=androidx.compose.ui.text.style.TextOverflow origin=DEFAULT_VALUE
                                        CALL 'public final fun <unsafe-coerce> <T, R> (v: T of kotlin.jvm.internal.<unsafe-coerce>): R of kotlin.jvm.internal.<unsafe-coerce> declared in kotlin.jvm.internal' type=androidx.compose.ui.text.style.TextOverflow origin=null
                                          <T>: kotlin.Int
                                          <R>: androidx.compose.ui.text.style.TextOverflow
                                          v: CONST Int type=kotlin.Int value=0
                                      softWrap: COMPOSITE type=kotlin.Boolean origin=DEFAULT_VALUE
                                        CONST Boolean type=kotlin.Boolean value=false
                                      maxLines: COMPOSITE type=kotlin.Int origin=DEFAULT_VALUE
                                        CONST Int type=kotlin.Int value=0
                                      minLines: COMPOSITE type=kotlin.Int origin=DEFAULT_VALUE
                                        CONST Int type=kotlin.Int value=0
                                      onTextLayout: COMPOSITE type=kotlin.Function1<androidx.compose.ui.text.TextLayoutResult, kotlin.Unit>? origin=DEFAULT_VALUE
                                        CONST Null type=kotlin.Function1<androidx.compose.ui.text.TextLayoutResult, kotlin.Unit>? value=null
                                      style: COMPOSITE type=androidx.compose.ui.text.TextStyle? origin=DEFAULT_VALUE
                                        CONST Null type=androidx.compose.ui.text.TextStyle? value=null
                                      $mask0: CONST Int type=kotlin.Int value=131070
                                      $handler: CONST Null type=kotlin.Any? value=null
                                FIELD FIELD_FOR_OBJECT_INSTANCE name:INSTANCE type:com.vito.client.screens.HomeScreenKt.HomeScreen.<no name provided>.invoke.<no name provided>.invoke.<no name provided> visibility:public [final,static]
                                FUN CLASS_STATIC_INITIALIZER name:<clinit> visibility:public/*package*/ modality:FINAL <> () returnType:kotlin.Unit
                                  BLOCK_BODY
                                    SET_FIELD 'FIELD FIELD_FOR_OBJECT_INSTANCE name:INSTANCE type:com.vito.client.screens.HomeScreenKt.HomeScreen.<no name provided>.invoke.<no name provided>.invoke.<no name provided> visibility:public [final,static]' type=kotlin.Unit origin=INITIALIZE_FIELD
                                      value: CONSTRUCTOR_CALL 'public/*package*/ constructor <init> () [primary] declared in com.vito.client.screens.HomeScreenKt.HomeScreen.<no name provided>.invoke.<no name provided>.invoke.<no name provided>' type=com.vito.client.screens.HomeScreenKt.HomeScreen.<no name provided>.invoke.<no name provided>.invoke.<no name provided> origin=null
                                FUN BRIDGE name:invoke visibility:public modality:OPEN <> ($this:com.vito.client.screens.HomeScreenKt.HomeScreen.<no name provided>.invoke.<no name provided>.invoke.<no name provided>) returnType:kotlin.Any?
                                  $this: VALUE_PARAMETER INSTANCE_RECEIVER name:<this> type:com.vito.client.screens.HomeScreenKt.HomeScreen.<no name provided>.invoke.<no name provided>.invoke.<no name provided>
                                  EXPRESSION_BODY
                                    RETURN type=kotlin.Nothing from='public open fun invoke (): kotlin.Any? declared in com.vito.client.screens.HomeScreenKt.HomeScreen.<no name provided>.invoke.<no name provided>.invoke.<no name provided>'
                                      CALL 'public final fun invoke (): kotlin.Unit declared in com.vito.client.screens.HomeScreenKt.HomeScreen.<no name provided>.invoke.<no name provided>.invoke.<no name provided>' type=kotlin.Unit origin=BRIDGE_DELEGATION
                                        $this: GET_VAR '<this>: com.vito.client.screens.HomeScreenKt.HomeScreen.<no name provided>.invoke.<no name provided>.invoke.<no name provided> declared in com.vito.client.screens.HomeScreenKt.HomeScreen.<no name provided>.invoke.<no name provided>.invoke.<no name provided>.invoke' type=com.vito.client.screens.HomeScreenKt.HomeScreen.<no name provided>.invoke.<no name provided>.invoke.<no name provided> origin=null
                              GET_FIELD 'FIELD FIELD_FOR_OBJECT_INSTANCE name:INSTANCE type:com.vito.client.screens.HomeScreenKt.HomeScreen.<no name provided>.invoke.<no name provided>.invoke.<no name provided> visibility:public [final,static]' type=com.vito.client.screens.HomeScreenKt.HomeScreen.<no name provided>.invoke.<no name provided>.invoke.<no name provided> origin=null
                            alwaysShowLabel: COMPOSITE type=kotlin.Boolean origin=DEFAULT_VALUE
                              CONST Boolean type=kotlin.Boolean value=false
                            colors: COMPOSITE type=androidx.compose.material3.NavigationBarItemColors? origin=DEFAULT_VALUE
                              CONST Null type=androidx.compose.material3.NavigationBarItemColors? value=null
                            interactionSource: COMPOSITE type=androidx.compose.foundation.interaction.MutableInteractionSource? origin=DEFAULT_VALUE
                              CONST Null type=androidx.compose.foundation.interaction.MutableInteractionSource? value=null
                            $mask0: CONST Int type=kotlin.Int value=472
                            $handler: CONST Null type=kotlin.Any? value=null
                        BLOCK type=kotlin.Unit origin=ARGUMENTS_REORDERING_FOR_CALL
                          VAR IR_TEMPORARY_VARIABLE name:tmp2_selected type:kotlin.Boolean [val]
                            CALL 'public final fun EQEQ (arg0: kotlin.Any?, arg1: kotlin.Any?): kotlin.Boolean declared in kotlin.internal.ir' type=kotlin.Boolean origin=EQEQ
                              arg0: CALL 'public final fun access$HomeScreen$lambda$1 ($selectedTab$delegate: androidx.compose.runtime.MutableState<kotlin.String>): kotlin.String declared in com.vito.client.screens.HomeScreenKt' type=kotlin.String origin=GET_LOCAL_PROPERTY
                                $selectedTab$delegate: GET_FIELD 'FIELD FIELD_FOR_CAPTURED_VALUE name:$selectedTab$delegate type:androidx.compose.runtime.MutableState<kotlin.String> visibility:public/*package*/ [final]' type=androidx.compose.runtime.MutableState<kotlin.String> origin=null
                                  receiver: GET_VAR '<this>: com.vito.client.screens.HomeScreenKt.HomeScreen.<no name provided>.invoke.<no name provided> declared in com.vito.client.screens.HomeScreenKt.HomeScreen.<no name provided>.invoke.<no name provided>.invoke' type=com.vito.client.screens.HomeScreenKt.HomeScreen.<no name provided>.invoke.<no name provided> origin=null
                              arg1: CONST String type=kotlin.String value="profile"
                          CALL 'public final fun NavigationBarItem$default (selected: kotlin.Boolean, onClick: kotlin.Function0<kotlin.Unit>, icon: @[Composable] kotlin.Function0<kotlin.Unit>, modifier: androidx.compose.ui.Modifier?, enabled: kotlin.Boolean, label: @[Composable] kotlin.Function0<kotlin.Unit>?, alwaysShowLabel: kotlin.Boolean, colors: androidx.compose.material3.NavigationBarItemColors?, interactionSource: androidx.compose.foundation.interaction.MutableInteractionSource?, $mask0: kotlin.Int, $handler: kotlin.Any?): kotlin.Unit declared in androidx.compose.material3.NavigationBarKt' type=kotlin.Unit origin=DEFAULT_DISPATCH_CALL
                            $receiver: GET_VAR '$this$NavigationBar: androidx.compose.foundation.layout.RowScope declared in com.vito.client.screens.HomeScreenKt.HomeScreen.<no name provided>.invoke.<no name provided>.invoke' type=androidx.compose.foundation.layout.RowScope origin=null
                            selected: GET_VAR 'val tmp2_selected: kotlin.Boolean [val] declared in com.vito.client.screens.HomeScreenKt.HomeScreen.<no name provided>.invoke.<no name provided>.invoke' type=kotlin.Boolean origin=null
                            onClick: BLOCK type=com.vito.client.screens.HomeScreenKt.HomeScreen.<no name provided>.invoke.<no name provided>.invoke.<no name provided> origin=null
                              CLASS LAMBDA_IMPL CLASS name:<no name provided> modality:FINAL visibility:public/*package*/ superTypes:[kotlin.jvm.internal.Lambda; kotlin.Function0<kotlin.Unit>]
                                $this: VALUE_PARAMETER INSTANCE_RECEIVER name:<this> type:com.vito.client.screens.HomeScreenKt.HomeScreen.<no name provided>.invoke.<no name provided>.invoke.<no name provided>
                                CONSTRUCTOR GENERATED_MEMBER_IN_CALLABLE_REFERENCE visibility:public/*package*/ <> ($selectedTab$delegate:androidx.compose.runtime.MutableState<kotlin.String>) returnType:com.vito.client.screens.HomeScreenKt.HomeScreen.<no name provided>.invoke.<no name provided>.invoke.<no name provided> [primary]
                                  VALUE_PARAMETER BOUND_VALUE_PARAMETER name:$selectedTab$delegate index:0 type:androidx.compose.runtime.MutableState<kotlin.String>
                                  BLOCK_BODY
                                    SET_FIELD 'FIELD FIELD_FOR_CAPTURED_VALUE name:$selectedTab$delegate type:androidx.compose.runtime.MutableState<kotlin.String> visibility:public/*package*/ [final]' type=kotlin.Unit origin=INITIALIZER_OF_FIELD_FOR_CAPTURED_VALUE
                                      receiver: GET_VAR '<this>: com.vito.client.screens.HomeScreenKt.HomeScreen.<no name provided>.invoke.<no name provided>.invoke.<no name provided> declared in com.vito.client.screens.HomeScreenKt.HomeScreen.<no name provided>.invoke.<no name provided>.invoke.<no name provided>' type=com.vito.client.screens.HomeScreenKt.HomeScreen.<no name provided>.invoke.<no name provided>.invoke.<no name provided> origin=null
                                      value: GET_VAR '$selectedTab$delegate: androidx.compose.runtime.MutableState<kotlin.String> declared in com.vito.client.screens.HomeScreenKt.HomeScreen.<no name provided>.invoke.<no name provided>.invoke.<no name provided>.<init>' type=androidx.compose.runtime.MutableState<kotlin.String> origin=null
                                    DELEGATING_CONSTRUCTOR_CALL 'public constructor <init> (arity: kotlin.Int) declared in kotlin.jvm.internal.Lambda'
                                      arity: CONST Int type=kotlin.Int value=0
                                    BLOCK type=kotlin.Unit origin=null
                                FUN name:invoke visibility:public modality:FINAL <> ($this:com.vito.client.screens.HomeScreenKt.HomeScreen.<no name provided>.invoke.<no name provided>.invoke.<no name provided>) returnType:kotlin.Unit
                                  overridden:
                                    public abstract fun invoke (): R of kotlin.Function0 [operator] declared in kotlin.Function0
                                  $this: VALUE_PARAMETER INSTANCE_RECEIVER name:<this> type:com.vito.client.screens.HomeScreenKt.HomeScreen.<no name provided>.invoke.<no name provided>.invoke.<no name provided>
                                  BLOCK_BODY
                                    CALL 'public final fun access$HomeScreen$lambda$2 ($selectedTab$delegate: androidx.compose.runtime.MutableState<kotlin.String>, value: kotlin.String): kotlin.Unit declared in com.vito.client.screens.HomeScreenKt' type=kotlin.Unit origin=EQ
                                      $selectedTab$delegate: GET_FIELD 'FIELD FIELD_FOR_CAPTURED_VALUE name:$selectedTab$delegate type:androidx.compose.runtime.MutableState<kotlin.String> visibility:public/*package*/ [final]' type=androidx.compose.runtime.MutableState<kotlin.String> origin=null
                                        receiver: GET_VAR '<this>: com.vito.client.screens.HomeScreenKt.HomeScreen.<no name provided>.invoke.<no name provided>.invoke.<no name provided> declared in com.vito.client.screens.HomeScreenKt.HomeScreen.<no name provided>.invoke.<no name provided>.invoke.<no name provided>.invoke' type=com.vito.client.screens.HomeScreenKt.HomeScreen.<no name provided>.invoke.<no name provided>.invoke.<no name provided> origin=null
                                      value: CONST String type=kotlin.String value="profile"
                                FIELD FIELD_FOR_CAPTURED_VALUE name:$selectedTab$delegate type:androidx.compose.runtime.MutableState<kotlin.String> visibility:public/*package*/ [final]
                                FUN BRIDGE name:invoke visibility:public modality:OPEN <> ($this:com.vito.client.screens.HomeScreenKt.HomeScreen.<no name provided>.invoke.<no name provided>.invoke.<no name provided>) returnType:kotlin.Any?
                                  $this: VALUE_PARAMETER INSTANCE_RECEIVER name:<this> type:com.vito.client.screens.HomeScreenKt.HomeScreen.<no name provided>.invoke.<no name provided>.invoke.<no name provided>
                                  EXPRESSION_BODY
                                    RETURN type=kotlin.Nothing from='public open fun invoke (): kotlin.Any? declared in com.vito.client.screens.HomeScreenKt.HomeScreen.<no name provided>.invoke.<no name provided>.invoke.<no name provided>'
                                      CALL 'public final fun invoke (): kotlin.Unit declared in com.vito.client.screens.HomeScreenKt.HomeScreen.<no name provided>.invoke.<no name provided>.invoke.<no name provided>' type=kotlin.Unit origin=BRIDGE_DELEGATION
                                        $this: GET_VAR '<this>: com.vito.client.screens.HomeScreenKt.HomeScreen.<no name provided>.invoke.<no name provided>.invoke.<no name provided> declared in com.vito.client.screens.HomeScreenKt.HomeScreen.<no name provided>.invoke.<no name provided>.invoke.<no name provided>.invoke' type=com.vito.client.screens.HomeScreenKt.HomeScreen.<no name provided>.invoke.<no name provided>.invoke.<no name provided> origin=null
                              CONSTRUCTOR_CALL 'public/*package*/ constructor <init> ($selectedTab$delegate: androidx.compose.runtime.MutableState<kotlin.String>) [primary] declared in com.vito.client.screens.HomeScreenKt.HomeScreen.<no name provided>.invoke.<no name provided>.invoke.<no name provided>' type=com.vito.client.screens.HomeScreenKt.HomeScreen.<no name provided>.invoke.<no name provided>.invoke.<no name provided> origin=null
                                $selectedTab$delegate: GET_FIELD 'FIELD FIELD_FOR_CAPTURED_VALUE name:$selectedTab$delegate type:androidx.compose.runtime.MutableState<kotlin.String> visibility:public/*package*/ [final]' type=androidx.compose.runtime.MutableState<kotlin.String> origin=null
                                  receiver: GET_VAR '<this>: com.vito.client.screens.HomeScreenKt.HomeScreen.<no name provided>.invoke.<no name provided> declared in com.vito.client.screens.HomeScreenKt.HomeScreen.<no name provided>.invoke.<no name provided>.invoke' type=com.vito.client.screens.HomeScreenKt.HomeScreen.<no name provided>.invoke.<no name provided> origin=null
                            icon: BLOCK type=com.vito.client.screens.HomeScreenKt.HomeScreen.<no name provided>.invoke.<no name provided>.invoke.<no name provided> origin=null
                              CLASS LAMBDA_IMPL CLASS name:<no name provided> modality:FINAL visibility:public/*package*/ superTypes:[kotlin.jvm.internal.Lambda; kotlin.Function0<kotlin.Unit>]
                                $this: VALUE_PARAMETER INSTANCE_RECEIVER name:<this> type:com.vito.client.screens.HomeScreenKt.HomeScreen.<no name provided>.invoke.<no name provided>.invoke.<no name provided>
                                CONSTRUCTOR GENERATED_MEMBER_IN_CALLABLE_REFERENCE visibility:public/*package*/ <> () returnType:com.vito.client.screens.HomeScreenKt.HomeScreen.<no name provided>.invoke.<no name provided>.invoke.<no name provided> [primary]
                                  BLOCK_BODY
                                    DELEGATING_CONSTRUCTOR_CALL 'public constructor <init> (arity: kotlin.Int) declared in kotlin.jvm.internal.Lambda'
                                      arity: CONST Int type=kotlin.Int value=0
                                    BLOCK type=kotlin.Unit origin=null
                                FUN name:invoke visibility:public modality:FINAL <> ($this:com.vito.client.screens.HomeScreenKt.HomeScreen.<no name provided>.invoke.<no name provided>.invoke.<no name provided>) returnType:kotlin.Unit
                                  overridden:
                                    public abstract fun invoke (): R of kotlin.Function0 [operator] declared in kotlin.Function0
                                  $this: VALUE_PARAMETER INSTANCE_RECEIVER name:<this> type:com.vito.client.screens.HomeScreenKt.HomeScreen.<no name provided>.invoke.<no name provided>.invoke.<no name provided>
                                  BLOCK_BODY
                                    CALL 'public final fun Icon-BG621w0$default (imageVector: androidx.compose.ui.graphics.vector.ImageVector, contentDescription: kotlin.String?, modifier: androidx.compose.ui.Modifier?, tint: androidx.compose.ui.graphics.Color, $mask0: kotlin.Int, $handler: kotlin.Any?): kotlin.Unit declared in androidx.compose.material3.IconKt' type=kotlin.Unit origin=DEFAULT_DISPATCH_CALL
                                      imageVector: CALL 'public final fun <get-Person> (): androidx.compose.ui.graphics.vector.ImageVector declared in androidx.compose.material.icons.filled.PersonKt' type=androidx.compose.ui.graphics.vector.ImageVector origin=GET_PROPERTY
                                        $receiver: CALL 'public final fun <get-Default> (): androidx.compose.material.icons.Icons.Filled declared in androidx.compose.material.icons.Icons' type=androidx.compose.material.icons.Icons.Filled origin=GET_PROPERTY
                                          $this: GET_FIELD 'FIELD FIELD_FOR_OBJECT_INSTANCE name:INSTANCE type:androidx.compose.material.icons.Icons visibility:public [final,static]' type=androidx.compose.material.icons.Icons origin=null
                                      contentDescription: CONST String type=kotlin.String value="Profile"
                                      modifier: COMPOSITE type=androidx.compose.ui.Modifier? origin=DEFAULT_VALUE
                                        CONST Null type=androidx.compose.ui.Modifier? value=null
                                      tint: COMPOSITE type=androidx.compose.ui.graphics.Color origin=DEFAULT_VALUE
                                        CALL 'public final fun <unsafe-coerce> <T, R> (v: T of kotlin.jvm.internal.<unsafe-coerce>): R of kotlin.jvm.internal.<unsafe-coerce> declared in kotlin.jvm.internal' type=androidx.compose.ui.graphics.Color origin=null
                                          <T>: kotlin.Long
                                          <R>: androidx.compose.ui.graphics.Color
                                          v: CONST Long type=kotlin.Long value=0
                                      $mask0: CONST Int type=kotlin.Int value=12
                                      $handler: CONST Null type=kotlin.Any? value=null
                                FIELD FIELD_FOR_OBJECT_INSTANCE name:INSTANCE type:com.vito.client.screens.HomeScreenKt.HomeScreen.<no name provided>.invoke.<no name provided>.invoke.<no name provided> visibility:public [final,static]
                                FUN CLASS_STATIC_INITIALIZER name:<clinit> visibility:public/*package*/ modality:FINAL <> () returnType:kotlin.Unit
                                  BLOCK_BODY
                                    SET_FIELD 'FIELD FIELD_FOR_OBJECT_INSTANCE name:INSTANCE type:com.vito.client.screens.HomeScreenKt.HomeScreen.<no name provided>.invoke.<no name provided>.invoke.<no name provided> visibility:public [final,static]' type=kotlin.Unit origin=INITIALIZE_FIELD
                                      value: CONSTRUCTOR_CALL 'public/*package*/ constructor <init> () [primary] declared in com.vito.client.screens.HomeScreenKt.HomeScreen.<no name provided>.invoke.<no name provided>.invoke.<no name provided>' type=com.vito.client.screens.HomeScreenKt.HomeScreen.<no name provided>.invoke.<no name provided>.invoke.<no name provided> origin=null
                                FUN BRIDGE name:invoke visibility:public modality:OPEN <> ($this:com.vito.client.screens.HomeScreenKt.HomeScreen.<no name provided>.invoke.<no name provided>.invoke.<no name provided>) returnType:kotlin.Any?
                                  $this: VALUE_PARAMETER INSTANCE_RECEIVER name:<this> type:com.vito.client.screens.HomeScreenKt.HomeScreen.<no name provided>.invoke.<no name provided>.invoke.<no name provided>
                                  EXPRESSION_BODY
                                    RETURN type=kotlin.Nothing from='public open fun invoke (): kotlin.Any? declared in com.vito.client.screens.HomeScreenKt.HomeScreen.<no name provided>.invoke.<no name provided>.invoke.<no name provided>'
                                      CALL 'public final fun invoke (): kotlin.Unit declared in com.vito.client.screens.HomeScreenKt.HomeScreen.<no name provided>.invoke.<no name provided>.invoke.<no name provided>' type=kotlin.Unit origin=BRIDGE_DELEGATION
                                        $this: GET_VAR '<this>: com.vito.client.screens.HomeScreenKt.HomeScreen.<no name provided>.invoke.<no name provided>.invoke.<no name provided> declared in com.vito.client.screens.HomeScreenKt.HomeScreen.<no name provided>.invoke.<no name provided>.invoke.<no name provided>.invoke' type=com.vito.client.screens.HomeScreenKt.HomeScreen.<no name provided>.invoke.<no name provided>.invoke.<no name provided> origin=null
                              GET_FIELD 'FIELD FIELD_FOR_OBJECT_INSTANCE name:INSTANCE type:com.vito.client.screens.HomeScreenKt.HomeScreen.<no name provided>.invoke.<no name provided>.invoke.<no name provided> visibility:public [final,static]' type=com.vito.client.screens.HomeScreenKt.HomeScreen.<no name provided>.invoke.<no name provided>.invoke.<no name provided> origin=null
                            modifier: COMPOSITE type=androidx.compose.ui.Modifier? origin=DEFAULT_VALUE
                              CONST Null type=androidx.compose.ui.Modifier? value=null
                            enabled: COMPOSITE type=kotlin.Boolean origin=DEFAULT_VALUE
                              CONST Boolean type=kotlin.Boolean value=false
                            label: BLOCK type=com.vito.client.screens.HomeScreenKt.HomeScreen.<no name provided>.invoke.<no name provided>.invoke.<no name provided> origin=null
                              CLASS LAMBDA_IMPL CLASS name:<no name provided> modality:FINAL visibility:public/*package*/ superTypes:[kotlin.jvm.internal.Lambda; kotlin.Function0<kotlin.Unit>]
                                $this: VALUE_PARAMETER INSTANCE_RECEIVER name:<this> type:com.vito.client.screens.HomeScreenKt.HomeScreen.<no name provided>.invoke.<no name provided>.invoke.<no name provided>
                                CONSTRUCTOR GENERATED_MEMBER_IN_CALLABLE_REFERENCE visibility:public/*package*/ <> () returnType:com.vito.client.screens.HomeScreenKt.HomeScreen.<no name provided>.invoke.<no name provided>.invoke.<no name provided> [primary]
                                  BLOCK_BODY
                                    DELEGATING_CONSTRUCTOR_CALL 'public constructor <init> (arity: kotlin.Int) declared in kotlin.jvm.internal.Lambda'
                                      arity: CONST Int type=kotlin.Int value=0
                                    BLOCK type=kotlin.Unit origin=null
                                FUN name:invoke visibility:public modality:FINAL <> ($this:com.vito.client.screens.HomeScreenKt.HomeScreen.<no name provided>.invoke.<no name provided>.invoke.<no name provided>) returnType:kotlin.Unit
                                  overridden:
                                    public abstract fun invoke (): R of kotlin.Function0 [operator] declared in kotlin.Function0
                                  $this: VALUE_PARAMETER INSTANCE_RECEIVER name:<this> type:com.vito.client.screens.HomeScreenKt.HomeScreen.<no name provided>.invoke.<no name provided>.invoke.<no name provided>
                                  BLOCK_BODY
                                    CALL 'public final fun Text-wnt91jo$default (text: kotlin.String, modifier: androidx.compose.ui.Modifier?, color: androidx.compose.ui.graphics.Color, fontSize: androidx.compose.ui.unit.TextUnit, fontStyle: androidx.compose.ui.text.font.FontStyle?, fontWeight: androidx.compose.ui.text.font.FontWeight?, fontFamily: androidx.compose.ui.text.font.FontFamily?, letterSpacing: androidx.compose.ui.unit.TextUnit, textDecoration: androidx.compose.ui.text.style.TextDecoration?, textAlign: androidx.compose.ui.text.style.TextAlign?, lineHeight: androidx.compose.ui.unit.TextUnit, overflow: androidx.compose.ui.text.style.TextOverflow, softWrap: kotlin.Boolean, maxLines: kotlin.Int, minLines: kotlin.Int, onTextLayout: kotlin.Function1<androidx.compose.ui.text.TextLayoutResult, kotlin.Unit>?, style: androidx.compose.ui.text.TextStyle?, $mask0: kotlin.Int, $handler: kotlin.Any?): kotlin.Unit declared in androidx.compose.material3.TextKt' type=kotlin.Unit origin=DEFAULT_DISPATCH_CALL
                                      text: CONST String type=kotlin.String value="Profile"
                                      modifier: COMPOSITE type=androidx.compose.ui.Modifier? origin=DEFAULT_VALUE
                                        CONST Null type=androidx.compose.ui.Modifier? value=null
                                      color: COMPOSITE type=androidx.compose.ui.graphics.Color origin=DEFAULT_VALUE
                                        CALL 'public final fun <unsafe-coerce> <T, R> (v: T of kotlin.jvm.internal.<unsafe-coerce>): R of kotlin.jvm.internal.<unsafe-coerce> declared in kotlin.jvm.internal' type=androidx.compose.ui.graphics.Color origin=null
                                          <T>: kotlin.Long
                                          <R>: androidx.compose.ui.graphics.Color
                                          v: CONST Long type=kotlin.Long value=0
                                      fontSize: COMPOSITE type=androidx.compose.ui.unit.TextUnit origin=DEFAULT_VALUE
                                        CALL 'public final fun <unsafe-coerce> <T, R> (v: T of kotlin.jvm.internal.<unsafe-coerce>): R of kotlin.jvm.internal.<unsafe-coerce> declared in kotlin.jvm.internal' type=androidx.compose.ui.unit.TextUnit origin=null
                                          <T>: kotlin.Long
                                          <R>: androidx.compose.ui.unit.TextUnit
                                          v: CONST Long type=kotlin.Long value=0
                                      fontStyle: COMPOSITE type=androidx.compose.ui.text.font.FontStyle? origin=DEFAULT_VALUE
                                        CONST Null type=androidx.compose.ui.text.font.FontStyle? value=null
                                      fontWeight: COMPOSITE type=androidx.compose.ui.text.font.FontWeight? origin=DEFAULT_VALUE
                                        CONST Null type=androidx.compose.ui.text.font.FontWeight? value=null
                                      fontFamily: COMPOSITE type=androidx.compose.ui.text.font.FontFamily? origin=DEFAULT_VALUE
                                        CONST Null type=androidx.compose.ui.text.font.FontFamily? value=null
                                      letterSpacing: COMPOSITE type=androidx.compose.ui.unit.TextUnit origin=DEFAULT_VALUE
                                        CALL 'public final fun <unsafe-coerce> <T, R> (v: T of kotlin.jvm.internal.<unsafe-coerce>): R of kotlin.jvm.internal.<unsafe-coerce> declared in kotlin.jvm.internal' type=androidx.compose.ui.unit.TextUnit origin=null
                                          <T>: kotlin.Long
                                          <R>: androidx.compose.ui.unit.TextUnit
                                          v: CONST Long type=kotlin.Long value=0
                                      textDecoration: COMPOSITE type=androidx.compose.ui.text.style.TextDecoration? origin=DEFAULT_VALUE
                                        CONST Null type=androidx.compose.ui.text.style.TextDecoration? value=null
                                      textAlign: COMPOSITE type=androidx.compose.ui.text.style.TextAlign? origin=DEFAULT_VALUE
                                        CONST Null type=androidx.compose.ui.text.style.TextAlign? value=null
                                      lineHeight: COMPOSITE type=androidx.compose.ui.unit.TextUnit origin=DEFAULT_VALUE
                                        CALL 'public final fun <unsafe-coerce> <T, R> (v: T of kotlin.jvm.internal.<unsafe-coerce>): R of kotlin.jvm.internal.<unsafe-coerce> declared in kotlin.jvm.internal' type=androidx.compose.ui.unit.TextUnit origin=null
                                          <T>: kotlin.Long
                                          <R>: androidx.compose.ui.unit.TextUnit
                                          v: CONST Long type=kotlin.Long value=0
                                      overflow: COMPOSITE type=androidx.compose.ui.text.style.TextOverflow origin=DEFAULT_VALUE
                                        CALL 'public final fun <unsafe-coerce> <T, R> (v: T of kotlin.jvm.internal.<unsafe-coerce>): R of kotlin.jvm.internal.<unsafe-coerce> declared in kotlin.jvm.internal' type=androidx.compose.ui.text.style.TextOverflow origin=null
                                          <T>: kotlin.Int
                                          <R>: androidx.compose.ui.text.style.TextOverflow
                                          v: CONST Int type=kotlin.Int value=0
                                      softWrap: COMPOSITE type=kotlin.Boolean origin=DEFAULT_VALUE
                                        CONST Boolean type=kotlin.Boolean value=false
                                      maxLines: COMPOSITE type=kotlin.Int origin=DEFAULT_VALUE
                                        CONST Int type=kotlin.Int value=0
                                      minLines: COMPOSITE type=kotlin.Int origin=DEFAULT_VALUE
                                        CONST Int type=kotlin.Int value=0
                                      onTextLayout: COMPOSITE type=kotlin.Function1<androidx.compose.ui.text.TextLayoutResult, kotlin.Unit>? origin=DEFAULT_VALUE
                                        CONST Null type=kotlin.Function1<androidx.compose.ui.text.TextLayoutResult, kotlin.Unit>? value=null
                                      style: COMPOSITE type=androidx.compose.ui.text.TextStyle? origin=DEFAULT_VALUE
                                        CONST Null type=androidx.compose.ui.text.TextStyle? value=null
                                      $mask0: CONST Int type=kotlin.Int value=131070
                                      $handler: CONST Null type=kotlin.Any? value=null
                                FIELD FIELD_FOR_OBJECT_INSTANCE name:INSTANCE type:com.vito.client.screens.HomeScreenKt.HomeScreen.<no name provided>.invoke.<no name provided>.invoke.<no name provided> visibility:public [final,static]
                                FUN CLASS_STATIC_INITIALIZER name:<clinit> visibility:public/*package*/ modality:FINAL <> () returnType:kotlin.Unit
                                  BLOCK_BODY
                                    SET_FIELD 'FIELD FIELD_FOR_OBJECT_INSTANCE name:INSTANCE type:com.vito.client.screens.HomeScreenKt.HomeScreen.<no name provided>.invoke.<no name provided>.invoke.<no name provided> visibility:public [final,static]' type=kotlin.Unit origin=INITIALIZE_FIELD
                                      value: CONSTRUCTOR_CALL 'public/*package*/ constructor <init> () [primary] declared in com.vito.client.screens.HomeScreenKt.HomeScreen.<no name provided>.invoke.<no name provided>.invoke.<no name provided>' type=com.vito.client.screens.HomeScreenKt.HomeScreen.<no name provided>.invoke.<no name provided>.invoke.<no name provided> origin=null
                                FUN BRIDGE name:invoke visibility:public modality:OPEN <> ($this:com.vito.client.screens.HomeScreenKt.HomeScreen.<no name provided>.invoke.<no name provided>.invoke.<no name provided>) returnType:kotlin.Any?
                                  $this: VALUE_PARAMETER INSTANCE_RECEIVER name:<this> type:com.vito.client.screens.HomeScreenKt.HomeScreen.<no name provided>.invoke.<no name provided>.invoke.<no name provided>
                                  EXPRESSION_BODY
                                    RETURN type=kotlin.Nothing from='public open fun invoke (): kotlin.Any? declared in com.vito.client.screens.HomeScreenKt.HomeScreen.<no name provided>.invoke.<no name provided>.invoke.<no name provided>'
                                      CALL 'public final fun invoke (): kotlin.Unit declared in com.vito.client.screens.HomeScreenKt.HomeScreen.<no name provided>.invoke.<no name provided>.invoke.<no name provided>' type=kotlin.Unit origin=BRIDGE_DELEGATION
                                        $this: GET_VAR '<this>: com.vito.client.screens.HomeScreenKt.HomeScreen.<no name provided>.invoke.<no name provided>.invoke.<no name provided> declared in com.vito.client.screens.HomeScreenKt.HomeScreen.<no name provided>.invoke.<no name provided>.invoke.<no name provided>.invoke' type=com.vito.client.screens.HomeScreenKt.HomeScreen.<no name provided>.invoke.<no name provided>.invoke.<no name provided> origin=null
                              GET_FIELD 'FIELD FIELD_FOR_OBJECT_INSTANCE name:INSTANCE type:com.vito.client.screens.HomeScreenKt.HomeScreen.<no name provided>.invoke.<no name provided>.invoke.<no name provided> visibility:public [final,static]' type=com.vito.client.screens.HomeScreenKt.HomeScreen.<no name provided>.invoke.<no name provided>.invoke.<no name provided> origin=null
                            alwaysShowLabel: COMPOSITE type=kotlin.Boolean origin=DEFAULT_VALUE
                              CONST Boolean type=kotlin.Boolean value=false
                            colors: COMPOSITE type=androidx.compose.material3.NavigationBarItemColors? origin=DEFAULT_VALUE
                              CONST Null type=androidx.compose.material3.NavigationBarItemColors? value=null
                            interactionSource: COMPOSITE type=androidx.compose.foundation.interaction.MutableInteractionSource? origin=DEFAULT_VALUE
                              CONST Null type=androidx.compose.foundation.interaction.MutableInteractionSource? value=null
                            $mask0: CONST Int type=kotlin.Int value=472
                            $handler: CONST Null type=kotlin.Any? value=null
                    FIELD FIELD_FOR_CAPTURED_VALUE name:$selectedTab$delegate type:androidx.compose.runtime.MutableState<kotlin.String> visibility:public/*package*/ [final]
                    FUN BRIDGE name:invoke visibility:public modality:OPEN <> ($this:com.vito.client.screens.HomeScreenKt.HomeScreen.<no name provided>.invoke.<no name provided>, p1:kotlin.Any?) returnType:kotlin.Any?
                      $this: VALUE_PARAMETER INSTANCE_RECEIVER name:<this> type:com.vito.client.screens.HomeScreenKt.HomeScreen.<no name provided>.invoke.<no name provided>
                      VALUE_PARAMETER BRIDGE name:p1 index:0 type:kotlin.Any?
                      EXPRESSION_BODY
                        RETURN type=kotlin.Nothing from='public open fun invoke (p1: kotlin.Any?): kotlin.Any? declared in com.vito.client.screens.HomeScreenKt.HomeScreen.<no name provided>.invoke.<no name provided>'
                          CALL 'public final fun invoke ($this$NavigationBar: androidx.compose.foundation.layout.RowScope): kotlin.Unit declared in com.vito.client.screens.HomeScreenKt.HomeScreen.<no name provided>.invoke.<no name provided>' type=kotlin.Unit origin=BRIDGE_DELEGATION
                            $this: GET_VAR '<this>: com.vito.client.screens.HomeScreenKt.HomeScreen.<no name provided>.invoke.<no name provided> declared in com.vito.client.screens.HomeScreenKt.HomeScreen.<no name provided>.invoke.<no name provided>.invoke' type=com.vito.client.screens.HomeScreenKt.HomeScreen.<no name provided>.invoke.<no name provided> origin=null
                            $this$NavigationBar: TYPE_OP type=androidx.compose.foundation.layout.RowScope origin=IMPLICIT_CAST typeOperand=androidx.compose.foundation.layout.RowScope
                              GET_VAR 'p1: kotlin.Any? declared in com.vito.client.screens.HomeScreenKt.HomeScreen.<no name provided>.invoke.<no name provided>.invoke' type=kotlin.Any? origin=null
                  CONSTRUCTOR_CALL 'public/*package*/ constructor <init> ($selectedTab$delegate: androidx.compose.runtime.MutableState<kotlin.String>) [primary] declared in com.vito.client.screens.HomeScreenKt.HomeScreen.<no name provided>.invoke.<no name provided>' type=com.vito.client.screens.HomeScreenKt.HomeScreen.<no name provided>.invoke.<no name provided> origin=null
                    $selectedTab$delegate: GET_FIELD 'FIELD FIELD_FOR_CAPTURED_VALUE name:$selectedTab$delegate type:androidx.compose.runtime.MutableState<kotlin.String> visibility:public/*package*/ [final]' type=androidx.compose.runtime.MutableState<kotlin.String> origin=null
                      receiver: GET_VAR '<this>: com.vito.client.screens.HomeScreenKt.HomeScreen.<no name provided> declared in com.vito.client.screens.HomeScreenKt.HomeScreen.<no name provided>.invoke' type=com.vito.client.screens.HomeScreenKt.HomeScreen.<no name provided> origin=null
                $mask0: CONST Int type=kotlin.Int value=31
                $handler: CONST Null type=kotlin.Any? value=null
          FIELD FIELD_FOR_CAPTURED_VALUE name:$selectedTab$delegate type:androidx.compose.runtime.MutableState<kotlin.String> visibility:public/*package*/ [final]
          FUN BRIDGE name:invoke visibility:public modality:OPEN <> ($this:com.vito.client.screens.HomeScreenKt.HomeScreen.<no name provided>) returnType:kotlin.Any?
            $this: VALUE_PARAMETER INSTANCE_RECEIVER name:<this> type:com.vito.client.screens.HomeScreenKt.HomeScreen.<no name provided>
            EXPRESSION_BODY
              RETURN type=kotlin.Nothing from='public open fun invoke (): kotlin.Any? declared in com.vito.client.screens.HomeScreenKt.HomeScreen.<no name provided>'
                CALL 'public final fun invoke (): kotlin.Unit declared in com.vito.client.screens.HomeScreenKt.HomeScreen.<no name provided>' type=kotlin.Unit origin=BRIDGE_DELEGATION
                  $this: GET_VAR '<this>: com.vito.client.screens.HomeScreenKt.HomeScreen.<no name provided> declared in com.vito.client.screens.HomeScreenKt.HomeScreen.<no name provided>.invoke' type=com.vito.client.screens.HomeScreenKt.HomeScreen.<no name provided> origin=null
        CONSTRUCTOR_CALL 'public/*package*/ constructor <init> ($selectedTab$delegate: androidx.compose.runtime.MutableState<kotlin.String>) [primary] declared in com.vito.client.screens.HomeScreenKt.HomeScreen.<no name provided>' type=com.vito.client.screens.HomeScreenKt.HomeScreen.<no name provided> origin=null
          $selectedTab$delegate: GET_VAR 'val selectedTab$delegate: androidx.compose.runtime.MutableState<kotlin.String> [val] declared in com.vito.client.screens.HomeScreenKt.HomeScreen' type=androidx.compose.runtime.MutableState<kotlin.String> origin=null
      snackbarHost: COMPOSITE type=@[Composable] kotlin.Function0<kotlin.Unit>? origin=DEFAULT_VALUE
        CONST Null type=@[Composable] kotlin.Function0<kotlin.Unit>? value=null
      floatingActionButton: COMPOSITE type=@[Composable] kotlin.Function0<kotlin.Unit>? origin=DEFAULT_VALUE
        CONST Null type=@[Composable] kotlin.Function0<kotlin.Unit>? value=null
      floatingActionButtonPosition: COMPOSITE type=androidx.compose.material3.FabPosition origin=DEFAULT_VALUE
        CALL 'public final fun <unsafe-coerce> <T, R> (v: T of kotlin.jvm.internal.<unsafe-coerce>): R of kotlin.jvm.internal.<unsafe-coerce> declared in kotlin.jvm.internal' type=androidx.compose.material3.FabPosition origin=null
          <T>: kotlin.Int
          <R>: androidx.compose.material3.FabPosition
          v: CONST Int type=kotlin.Int value=0
      containerColor: COMPOSITE type=androidx.compose.ui.graphics.Color origin=DEFAULT_VALUE
        CALL 'public final fun <unsafe-coerce> <T, R> (v: T of kotlin.jvm.internal.<unsafe-coerce>): R of kotlin.jvm.internal.<unsafe-coerce> declared in kotlin.jvm.internal' type=androidx.compose.ui.graphics.Color origin=null
          <T>: kotlin.Long
          <R>: androidx.compose.ui.graphics.Color
          v: CONST Long type=kotlin.Long value=0
      contentColor: COMPOSITE type=androidx.compose.ui.graphics.Color origin=DEFAULT_VALUE
        CALL 'public final fun <unsafe-coerce> <T, R> (v: T of kotlin.jvm.internal.<unsafe-coerce>): R of kotlin.jvm.internal.<unsafe-coerce> declared in kotlin.jvm.internal' type=androidx.compose.ui.graphics.Color origin=null
          <T>: kotlin.Long
          <R>: androidx.compose.ui.graphics.Color
          v: CONST Long type=kotlin.Long value=0
      contentWindowInsets: COMPOSITE type=androidx.compose.foundation.layout.WindowInsets? origin=DEFAULT_VALUE
        CONST Null type=androidx.compose.foundation.layout.WindowInsets? value=null
      content: BLOCK type=com.vito.client.screens.HomeScreenKt.HomeScreen.<no name provided> origin=null
        CLASS LAMBDA_IMPL CLASS name:<no name provided> modality:FINAL visibility:public/*package*/ superTypes:[kotlin.jvm.internal.Lambda; kotlin.Function1<androidx.compose.foundation.layout.PaddingValues, kotlin.Unit>]
          $this: VALUE_PARAMETER INSTANCE_RECEIVER name:<this> type:com.vito.client.screens.HomeScreenKt.HomeScreen.<no name provided>
          CONSTRUCTOR GENERATED_MEMBER_IN_CALLABLE_REFERENCE visibility:public/*package*/ <> ($services:kotlin.collections.List<com.vito.client.screens.ServiceItem>) returnType:com.vito.client.screens.HomeScreenKt.HomeScreen.<no name provided> [primary]
            VALUE_PARAMETER BOUND_VALUE_PARAMETER name:$services index:0 type:kotlin.collections.List<com.vito.client.screens.ServiceItem>
            BLOCK_BODY
              SET_FIELD 'FIELD FIELD_FOR_CAPTURED_VALUE name:$services type:kotlin.collections.List<com.vito.client.screens.ServiceItem> visibility:public/*package*/ [final]' type=kotlin.Unit origin=INITIALIZER_OF_FIELD_FOR_CAPTURED_VALUE
                receiver: GET_VAR '<this>: com.vito.client.screens.HomeScreenKt.HomeScreen.<no name provided> declared in com.vito.client.screens.HomeScreenKt.HomeScreen.<no name provided>' type=com.vito.client.screens.HomeScreenKt.HomeScreen.<no name provided> origin=null
                value: GET_VAR '$services: kotlin.collections.List<com.vito.client.screens.ServiceItem> declared in com.vito.client.screens.HomeScreenKt.HomeScreen.<no name provided>.<init>' type=kotlin.collections.List<com.vito.client.screens.ServiceItem> origin=null
              DELEGATING_CONSTRUCTOR_CALL 'public constructor <init> (arity: kotlin.Int) declared in kotlin.jvm.internal.Lambda'
                arity: CONST Int type=kotlin.Int value=1
              BLOCK type=kotlin.Unit origin=null
          FUN name:invoke visibility:public modality:FINAL <> ($this:com.vito.client.screens.HomeScreenKt.HomeScreen.<no name provided>, padding:androidx.compose.foundation.layout.PaddingValues) returnType:kotlin.Unit
            overridden:
              public abstract fun invoke (p1: P1 of kotlin.Function1): R of kotlin.Function1 [operator] declared in kotlin.Function1
            $this: VALUE_PARAMETER INSTANCE_RECEIVER name:<this> type:com.vito.client.screens.HomeScreenKt.HomeScreen.<no name provided>
            VALUE_PARAMETER name:padding index:0 type:androidx.compose.foundation.layout.PaddingValues
            BLOCK_BODY
              CALL 'public final fun Column$default (modifier: androidx.compose.ui.Modifier?, verticalArrangement: androidx.compose.foundation.layout.Arrangement.Vertical?, horizontalAlignment: androidx.compose.ui.Alignment.Horizontal?, content: @[Composable] @[ExtensionFunctionType] kotlin.Function1<androidx.compose.foundation.layout.ColumnScope, kotlin.Unit>, $mask0: kotlin.Int, $handler: kotlin.Any?): kotlin.Unit [inline] declared in androidx.compose.foundation.layout.ColumnKt' type=kotlin.Unit origin=DEFAULT_DISPATCH_CALL
                modifier: CALL 'public final fun padding-VpY3zN4$default (horizontal: androidx.compose.ui.unit.Dp, vertical: androidx.compose.ui.unit.Dp, $mask0: kotlin.Int, $handler: kotlin.Any?): androidx.compose.ui.Modifier declared in androidx.compose.foundation.layout.PaddingKt' type=androidx.compose.ui.Modifier origin=DEFAULT_DISPATCH_CALL
                  $receiver: CALL 'public final fun padding (paddingValues: androidx.compose.foundation.layout.PaddingValues): androidx.compose.ui.Modifier declared in androidx.compose.foundation.layout.PaddingKt' type=androidx.compose.ui.Modifier origin=null
                    $receiver: CALL 'public final fun fillMaxSize$default (fraction: kotlin.Float, $mask0: kotlin.Int, $handler: kotlin.Any?): androidx.compose.ui.Modifier declared in androidx.compose.foundation.layout.SizeKt' type=androidx.compose.ui.Modifier origin=DEFAULT_DISPATCH_CALL
                      $receiver: GET_FIELD 'FIELD FIELD_FOR_OBJECT_INSTANCE name:Companion type:androidx.compose.ui.Modifier.Companion visibility:public [final,static]' type=androidx.compose.ui.Modifier.Companion origin=null
                      fraction: COMPOSITE type=kotlin.Float origin=DEFAULT_VALUE
                        CONST Float type=kotlin.Float value=0.0
                      $mask0: CONST Int type=kotlin.Int value=1
                      $handler: CONST Null type=kotlin.Any? value=null
                    paddingValues: GET_VAR 'padding: androidx.compose.foundation.layout.PaddingValues declared in com.vito.client.screens.HomeScreenKt.HomeScreen.<no name provided>.invoke' type=androidx.compose.foundation.layout.PaddingValues origin=null
                  horizontal: CALL 'public final fun <get-dp> (): androidx.compose.ui.unit.Dp [inline] declared in androidx.compose.ui.unit.DpKt' type=androidx.compose.ui.unit.Dp origin=GET_PROPERTY
                    $receiver: CONST Int type=kotlin.Int value=16
                  vertical: COMPOSITE type=androidx.compose.ui.unit.Dp origin=DEFAULT_VALUE
                    CALL 'public final fun <unsafe-coerce> <T, R> (v: T of kotlin.jvm.internal.<unsafe-coerce>): R of kotlin.jvm.internal.<unsafe-coerce> declared in kotlin.jvm.internal' type=androidx.compose.ui.unit.Dp origin=null
                      <T>: kotlin.Float
                      <R>: androidx.compose.ui.unit.Dp
                      v: CONST Float type=kotlin.Float value=0.0
                  $mask0: CONST Int type=kotlin.Int value=2
                  $handler: CONST Null type=kotlin.Any? value=null
                verticalArrangement: COMPOSITE type=androidx.compose.foundation.layout.Arrangement.Vertical? origin=DEFAULT_VALUE
                  CONST Null type=androidx.compose.foundation.layout.Arrangement.Vertical? value=null
                horizontalAlignment: COMPOSITE type=androidx.compose.ui.Alignment.Horizontal? origin=DEFAULT_VALUE
                  CONST Null type=androidx.compose.ui.Alignment.Horizontal? value=null
                content: BLOCK type=@[ExtensionFunctionType] kotlin.Function1<androidx.compose.foundation.layout.ColumnScope, kotlin.Unit> origin=LAMBDA
                  COMPOSITE type=kotlin.Unit origin=null
                  FUNCTION_REFERENCE 'private final fun invoke$lambda$1 ($services: kotlin.collections.List<com.vito.client.screens.ServiceItem>): kotlin.Unit declared in com.vito.client.screens.HomeScreenKt.HomeScreen.<no name provided>' type=@[ExtensionFunctionType] kotlin.Function1<androidx.compose.foundation.layout.ColumnScope, kotlin.Unit> origin=INLINE_LAMBDA reflectionTarget=null
                    $services: GET_FIELD 'FIELD FIELD_FOR_CAPTURED_VALUE name:$services type:kotlin.collections.List<com.vito.client.screens.ServiceItem> visibility:public/*package*/ [final]' type=kotlin.collections.List<com.vito.client.screens.ServiceItem> origin=null
                      receiver: GET_VAR '<this>: com.vito.client.screens.HomeScreenKt.HomeScreen.<no name provided> declared in com.vito.client.screens.HomeScreenKt.HomeScreen.<no name provided>.invoke' type=com.vito.client.screens.HomeScreenKt.HomeScreen.<no name provided> origin=null
                $mask0: CONST Int type=kotlin.Int value=6
                $handler: CONST Null type=kotlin.Any? value=null
          FIELD FIELD_FOR_CAPTURED_VALUE name:$services type:kotlin.collections.List<com.vito.client.screens.ServiceItem> visibility:public/*package*/ [final]
          FUN INLINE_LAMBDA name:invoke$lambda$1$lambda$0 visibility:private modality:FINAL <> ($receiver:androidx.compose.foundation.layout.RowScope) returnType:kotlin.Unit
            $receiver: VALUE_PARAMETER name:$this$Row type:androidx.compose.foundation.layout.RowScope
            BLOCK_BODY
              VAR name:$i$a$-Row$default-HomeScreenKt$HomeScreen$2$1$2 type:kotlin.Int [val]
                CONST Int type=kotlin.Int value=0
              CALL 'public final fun QuickActionButton (text: kotlin.String, icon: androidx.compose.ui.graphics.vector.ImageVector, modifier: androidx.compose.ui.Modifier): kotlin.Unit declared in com.vito.client.screens.HomeScreenKt' type=kotlin.Unit origin=null
                text: CONST String type=kotlin.String value="Scan QR"
                icon: CALL 'public final fun <get-QrCodeScanner> (): androidx.compose.ui.graphics.vector.ImageVector declared in androidx.compose.material.icons.filled.QrCodeScannerKt' type=androidx.compose.ui.graphics.vector.ImageVector origin=GET_PROPERTY
                  $receiver: CALL 'public final fun <get-Default> (): androidx.compose.material.icons.Icons.Filled declared in androidx.compose.material.icons.Icons' type=androidx.compose.material.icons.Icons.Filled origin=GET_PROPERTY
                    $this: GET_FIELD 'FIELD FIELD_FOR_OBJECT_INSTANCE name:INSTANCE type:androidx.compose.material.icons.Icons visibility:public [final,static]' type=androidx.compose.material.icons.Icons origin=null
                modifier: CALL 'public final fun weight$default ($this: androidx.compose.foundation.layout.RowScope, $receiver: androidx.compose.ui.Modifier, weight: kotlin.Float, fill: kotlin.Boolean, $mask0: kotlin.Int, $handler: kotlin.Any?): androidx.compose.ui.Modifier declared in androidx.compose.foundation.layout.RowScope' type=androidx.compose.ui.Modifier origin=DEFAULT_DISPATCH_CALL
                  $this: GET_VAR '$this$Row: androidx.compose.foundation.layout.RowScope declared in com.vito.client.screens.HomeScreenKt.HomeScreen.<no name provided>.invoke$lambda$1$lambda$0' type=androidx.compose.foundation.layout.RowScope origin=null
                  $receiver: GET_FIELD 'FIELD FIELD_FOR_OBJECT_INSTANCE name:Companion type:androidx.compose.ui.Modifier.Companion visibility:public [final,static]' type=androidx.compose.ui.Modifier.Companion origin=null
                  weight: CONST Float type=kotlin.Float value=1.0
                  fill: COMPOSITE type=kotlin.Boolean origin=DEFAULT_VALUE
                    CONST Boolean type=kotlin.Boolean value=false
                  $mask0: CONST Int type=kotlin.Int value=2
                  $handler: CONST Null type=kotlin.Any? value=null
              CALL 'public final fun QuickActionButton (text: kotlin.String, icon: androidx.compose.ui.graphics.vector.ImageVector, modifier: androidx.compose.ui.Modifier): kotlin.Unit declared in com.vito.client.screens.HomeScreenKt' type=kotlin.Unit origin=null
                text: CONST String type=kotlin.String value="My Wallet"
                icon: CALL 'public final fun <get-AccountBalanceWallet> (): androidx.compose.ui.graphics.vector.ImageVector declared in androidx.compose.material.icons.filled.AccountBalanceWalletKt' type=androidx.compose.ui.graphics.vector.ImageVector origin=GET_PROPERTY
                  $receiver: CALL 'public final fun <get-Default> (): androidx.compose.material.icons.Icons.Filled declared in androidx.compose.material.icons.Icons' type=androidx.compose.material.icons.Icons.Filled origin=GET_PROPERTY
                    $this: GET_FIELD 'FIELD FIELD_FOR_OBJECT_INSTANCE name:INSTANCE type:androidx.compose.material.icons.Icons visibility:public [final,static]' type=androidx.compose.material.icons.Icons origin=null
                modifier: CALL 'public final fun weight$default ($this: androidx.compose.foundation.layout.RowScope, $receiver: androidx.compose.ui.Modifier, weight: kotlin.Float, fill: kotlin.Boolean, $mask0: kotlin.Int, $handler: kotlin.Any?): androidx.compose.ui.Modifier declared in androidx.compose.foundation.layout.RowScope' type=androidx.compose.ui.Modifier origin=DEFAULT_DISPATCH_CALL
                  $this: GET_VAR '$this$Row: androidx.compose.foundation.layout.RowScope declared in com.vito.client.screens.HomeScreenKt.HomeScreen.<no name provided>.invoke$lambda$1$lambda$0' type=androidx.compose.foundation.layout.RowScope origin=null
                  $receiver: GET_FIELD 'FIELD FIELD_FOR_OBJECT_INSTANCE name:Companion type:androidx.compose.ui.Modifier.Companion visibility:public [final,static]' type=androidx.compose.ui.Modifier.Companion origin=null
                  weight: CONST Float type=kotlin.Float value=1.0
                  fill: COMPOSITE type=kotlin.Boolean origin=DEFAULT_VALUE
                    CONST Boolean type=kotlin.Boolean value=false
                  $mask0: CONST Int type=kotlin.Int value=2
                  $handler: CONST Null type=kotlin.Any? value=null
              CALL 'public final fun QuickActionButton (text: kotlin.String, icon: androidx.compose.ui.graphics.vector.ImageVector, modifier: androidx.compose.ui.Modifier): kotlin.Unit declared in com.vito.client.screens.HomeScreenKt' type=kotlin.Unit origin=null
                text: CONST String type=kotlin.String value="Support"
                icon: CALL 'public final fun <get-Help> (): androidx.compose.ui.graphics.vector.ImageVector declared in androidx.compose.material.icons.filled.HelpKt' type=androidx.compose.ui.graphics.vector.ImageVector origin=GET_PROPERTY
                  $receiver: CALL 'public final fun <get-Default> (): androidx.compose.material.icons.Icons.Filled declared in androidx.compose.material.icons.Icons' type=androidx.compose.material.icons.Icons.Filled origin=GET_PROPERTY
                    $this: GET_FIELD 'FIELD FIELD_FOR_OBJECT_INSTANCE name:INSTANCE type:androidx.compose.material.icons.Icons visibility:public [final,static]' type=androidx.compose.material.icons.Icons origin=null
                modifier: CALL 'public final fun weight$default ($this: androidx.compose.foundation.layout.RowScope, $receiver: androidx.compose.ui.Modifier, weight: kotlin.Float, fill: kotlin.Boolean, $mask0: kotlin.Int, $handler: kotlin.Any?): androidx.compose.ui.Modifier declared in androidx.compose.foundation.layout.RowScope' type=androidx.compose.ui.Modifier origin=DEFAULT_DISPATCH_CALL
                  $this: GET_VAR '$this$Row: androidx.compose.foundation.layout.RowScope declared in com.vito.client.screens.HomeScreenKt.HomeScreen.<no name provided>.invoke$lambda$1$lambda$0' type=androidx.compose.foundation.layout.RowScope origin=null
                  $receiver: GET_FIELD 'FIELD FIELD_FOR_OBJECT_INSTANCE name:Companion type:androidx.compose.ui.Modifier.Companion visibility:public [final,static]' type=androidx.compose.ui.Modifier.Companion origin=null
                  weight: CONST Float type=kotlin.Float value=1.0
                  fill: COMPOSITE type=kotlin.Boolean origin=DEFAULT_VALUE
                    CONST Boolean type=kotlin.Boolean value=false
                  $mask0: CONST Int type=kotlin.Int value=2
                  $handler: CONST Null type=kotlin.Any? value=null
          FUN INLINE_LAMBDA name:invoke$lambda$1 visibility:private modality:FINAL <> ($receiver:androidx.compose.foundation.layout.ColumnScope, $services:kotlin.collections.List<com.vito.client.screens.ServiceItem>) returnType:kotlin.Unit
            $receiver: VALUE_PARAMETER name:$this$Column type:androidx.compose.foundation.layout.ColumnScope
            VALUE_PARAMETER BOUND_VALUE_PARAMETER name:$services index:0 type:kotlin.collections.List<com.vito.client.screens.ServiceItem>
            BLOCK_BODY
              VAR name:$i$a$-Column$default-HomeScreenKt$HomeScreen$2$1 type:kotlin.Int [val]
                CONST Int type=kotlin.Int value=0
              CALL 'public final fun Spacer (modifier: androidx.compose.ui.Modifier): kotlin.Unit declared in androidx.compose.foundation.layout.SpacerKt' type=kotlin.Unit origin=null
                modifier: CALL 'public final fun height-3ABfNKs (height: androidx.compose.ui.unit.Dp): androidx.compose.ui.Modifier declared in androidx.compose.foundation.layout.SizeKt' type=androidx.compose.ui.Modifier origin=null
                  $receiver: GET_FIELD 'FIELD FIELD_FOR_OBJECT_INSTANCE name:Companion type:androidx.compose.ui.Modifier.Companion visibility:public [final,static]' type=androidx.compose.ui.Modifier.Companion origin=null
                  height: CALL 'public final fun <get-dp> (): androidx.compose.ui.unit.Dp [inline] declared in androidx.compose.ui.unit.DpKt' type=androidx.compose.ui.unit.Dp origin=GET_PROPERTY
                    $receiver: CONST Int type=kotlin.Int value=24
              CALL 'public final fun Text-wnt91jo$default (text: kotlin.String, modifier: androidx.compose.ui.Modifier?, color: androidx.compose.ui.graphics.Color, fontSize: androidx.compose.ui.unit.TextUnit, fontStyle: androidx.compose.ui.text.font.FontStyle?, fontWeight: androidx.compose.ui.text.font.FontWeight?, fontFamily: androidx.compose.ui.text.font.FontFamily?, letterSpacing: androidx.compose.ui.unit.TextUnit, textDecoration: androidx.compose.ui.text.style.TextDecoration?, textAlign: androidx.compose.ui.text.style.TextAlign?, lineHeight: androidx.compose.ui.unit.TextUnit, overflow: androidx.compose.ui.text.style.TextOverflow, softWrap: kotlin.Boolean, maxLines: kotlin.Int, minLines: kotlin.Int, onTextLayout: kotlin.Function1<androidx.compose.ui.text.TextLayoutResult, kotlin.Unit>?, style: androidx.compose.ui.text.TextStyle?, $mask0: kotlin.Int, $handler: kotlin.Any?): kotlin.Unit declared in androidx.compose.material3.TextKt' type=kotlin.Unit origin=DEFAULT_DISPATCH_CALL
                text: CONST String type=kotlin.String value="Welcome to Vito"
                modifier: COMPOSITE type=androidx.compose.ui.Modifier? origin=DEFAULT_VALUE
                  CONST Null type=androidx.compose.ui.Modifier? value=null
                color: COMPOSITE type=androidx.compose.ui.graphics.Color origin=DEFAULT_VALUE
                  CALL 'public final fun <unsafe-coerce> <T, R> (v: T of kotlin.jvm.internal.<unsafe-coerce>): R of kotlin.jvm.internal.<unsafe-coerce> declared in kotlin.jvm.internal' type=androidx.compose.ui.graphics.Color origin=null
                    <T>: kotlin.Long
                    <R>: androidx.compose.ui.graphics.Color
                    v: CONST Long type=kotlin.Long value=0
                fontSize: CALL 'public final fun <get-sp> (): androidx.compose.ui.unit.TextUnit declared in androidx.compose.ui.unit.TextUnitKt' type=androidx.compose.ui.unit.TextUnit origin=GET_PROPERTY
                  $receiver: CONST Int type=kotlin.Int value=28
                fontStyle: COMPOSITE type=androidx.compose.ui.text.font.FontStyle? origin=DEFAULT_VALUE
                  CONST Null type=androidx.compose.ui.text.font.FontStyle? value=null
                fontWeight: CALL 'public final fun <get-Bold> (): androidx.compose.ui.text.font.FontWeight declared in androidx.compose.ui.text.font.FontWeight.Companion' type=androidx.compose.ui.text.font.FontWeight origin=GET_PROPERTY
                  $this: GET_FIELD 'FIELD FIELD_FOR_OBJECT_INSTANCE name:Companion type:androidx.compose.ui.text.font.FontWeight.Companion visibility:public [final,static]' type=androidx.compose.ui.text.font.FontWeight.Companion origin=null
                fontFamily: COMPOSITE type=androidx.compose.ui.text.font.FontFamily? origin=DEFAULT_VALUE
                  CONST Null type=androidx.compose.ui.text.font.FontFamily? value=null
                letterSpacing: COMPOSITE type=androidx.compose.ui.unit.TextUnit origin=DEFAULT_VALUE
                  CALL 'public final fun <unsafe-coerce> <T, R> (v: T of kotlin.jvm.internal.<unsafe-coerce>): R of kotlin.jvm.internal.<unsafe-coerce> declared in kotlin.jvm.internal' type=androidx.compose.ui.unit.TextUnit origin=null
                    <T>: kotlin.Long
                    <R>: androidx.compose.ui.unit.TextUnit
                    v: CONST Long type=kotlin.Long value=0
                textDecoration: COMPOSITE type=androidx.compose.ui.text.style.TextDecoration? origin=DEFAULT_VALUE
                  CONST Null type=androidx.compose.ui.text.style.TextDecoration? value=null
                textAlign: COMPOSITE type=androidx.compose.ui.text.style.TextAlign? origin=DEFAULT_VALUE
                  CONST Null type=androidx.compose.ui.text.style.TextAlign? value=null
                lineHeight: COMPOSITE type=androidx.compose.ui.unit.TextUnit origin=DEFAULT_VALUE
                  CALL 'public final fun <unsafe-coerce> <T, R> (v: T of kotlin.jvm.internal.<unsafe-coerce>): R of kotlin.jvm.internal.<unsafe-coerce> declared in kotlin.jvm.internal' type=androidx.compose.ui.unit.TextUnit origin=null
                    <T>: kotlin.Long
                    <R>: androidx.compose.ui.unit.TextUnit
                    v: CONST Long type=kotlin.Long value=0
                overflow: COMPOSITE type=androidx.compose.ui.text.style.TextOverflow origin=DEFAULT_VALUE
                  CALL 'public final fun <unsafe-coerce> <T, R> (v: T of kotlin.jvm.internal.<unsafe-coerce>): R of kotlin.jvm.internal.<unsafe-coerce> declared in kotlin.jvm.internal' type=androidx.compose.ui.text.style.TextOverflow origin=null
                    <T>: kotlin.Int
                    <R>: androidx.compose.ui.text.style.TextOverflow
                    v: CONST Int type=kotlin.Int value=0
                softWrap: COMPOSITE type=kotlin.Boolean origin=DEFAULT_VALUE
                  CONST Boolean type=kotlin.Boolean value=false
                maxLines: COMPOSITE type=kotlin.Int origin=DEFAULT_VALUE
                  CONST Int type=kotlin.Int value=0
                minLines: COMPOSITE type=kotlin.Int origin=DEFAULT_VALUE
                  CONST Int type=kotlin.Int value=0
                onTextLayout: COMPOSITE type=kotlin.Function1<androidx.compose.ui.text.TextLayoutResult, kotlin.Unit>? origin=DEFAULT_VALUE
                  CONST Null type=kotlin.Function1<androidx.compose.ui.text.TextLayoutResult, kotlin.Unit>? value=null
                style: COMPOSITE type=androidx.compose.ui.text.TextStyle? origin=DEFAULT_VALUE
                  CONST Null type=androidx.compose.ui.text.TextStyle? value=null
                $mask0: CONST Int type=kotlin.Int value=131030
                $handler: CONST Null type=kotlin.Any? value=null
              BLOCK type=kotlin.Unit origin=ARGUMENTS_REORDERING_FOR_CALL
                VAR IR_TEMPORARY_VARIABLE name:tmp0_fontSize type:androidx.compose.ui.unit.TextUnit [val]
                  CALL 'public final fun <get-sp> (): androidx.compose.ui.unit.TextUnit declared in androidx.compose.ui.unit.TextUnitKt' type=androidx.compose.ui.unit.TextUnit origin=GET_PROPERTY
                    $receiver: CONST Int type=kotlin.Int value=16
                VAR IR_TEMPORARY_VARIABLE name:tmp1_color type:androidx.compose.ui.graphics.Color [val]
                  CALL 'public final fun getGray-0d7_KjU (): androidx.compose.ui.graphics.Color declared in androidx.compose.ui.graphics.Color.Companion' type=androidx.compose.ui.graphics.Color origin=GET_PROPERTY
                    $this: GET_FIELD 'FIELD FIELD_FOR_OBJECT_INSTANCE name:Companion type:androidx.compose.ui.graphics.Color.Companion visibility:public [final,static]' type=androidx.compose.ui.graphics.Color.Companion origin=null
                CALL 'public final fun Text-wnt91jo$default (text: kotlin.String, modifier: androidx.compose.ui.Modifier?, color: androidx.compose.ui.graphics.Color, fontSize: androidx.compose.ui.unit.TextUnit, fontStyle: androidx.compose.ui.text.font.FontStyle?, fontWeight: androidx.compose.ui.text.font.FontWeight?, fontFamily: androidx.compose.ui.text.font.FontFamily?, letterSpacing: androidx.compose.ui.unit.TextUnit, textDecoration: androidx.compose.ui.text.style.TextDecoration?, textAlign: androidx.compose.ui.text.style.TextAlign?, lineHeight: androidx.compose.ui.unit.TextUnit, overflow: androidx.compose.ui.text.style.TextOverflow, softWrap: kotlin.Boolean, maxLines: kotlin.Int, minLines: kotlin.Int, onTextLayout: kotlin.Function1<androidx.compose.ui.text.TextLayoutResult, kotlin.Unit>?, style: androidx.compose.ui.text.TextStyle?, $mask0: kotlin.Int, $handler: kotlin.Any?): kotlin.Unit declared in androidx.compose.material3.TextKt' type=kotlin.Unit origin=DEFAULT_DISPATCH_CALL
                  text: CONST String type=kotlin.String value="Where would you like to go?"
                  modifier: COMPOSITE type=androidx.compose.ui.Modifier? origin=DEFAULT_VALUE
                    CONST Null type=androidx.compose.ui.Modifier? value=null
                  color: GET_VAR 'val tmp1_color: androidx.compose.ui.graphics.Color [val] declared in com.vito.client.screens.HomeScreenKt.HomeScreen.<no name provided>.invoke$lambda$1' type=androidx.compose.ui.graphics.Color origin=null
                  fontSize: GET_VAR 'val tmp0_fontSize: androidx.compose.ui.unit.TextUnit [val] declared in com.vito.client.screens.HomeScreenKt.HomeScreen.<no name provided>.invoke$lambda$1' type=androidx.compose.ui.unit.TextUnit origin=null
                  fontStyle: COMPOSITE type=androidx.compose.ui.text.font.FontStyle? origin=DEFAULT_VALUE
                    CONST Null type=androidx.compose.ui.text.font.FontStyle? value=null
                  fontWeight: COMPOSITE type=androidx.compose.ui.text.font.FontWeight? origin=DEFAULT_VALUE
                    CONST Null type=androidx.compose.ui.text.font.FontWeight? value=null
                  fontFamily: COMPOSITE type=androidx.compose.ui.text.font.FontFamily? origin=DEFAULT_VALUE
                    CONST Null type=androidx.compose.ui.text.font.FontFamily? value=null
                  letterSpacing: COMPOSITE type=androidx.compose.ui.unit.TextUnit origin=DEFAULT_VALUE
                    CALL 'public final fun <unsafe-coerce> <T, R> (v: T of kotlin.jvm.internal.<unsafe-coerce>): R of kotlin.jvm.internal.<unsafe-coerce> declared in kotlin.jvm.internal' type=androidx.compose.ui.unit.TextUnit origin=null
                      <T>: kotlin.Long
                      <R>: androidx.compose.ui.unit.TextUnit
                      v: CONST Long type=kotlin.Long value=0
                  textDecoration: COMPOSITE type=androidx.compose.ui.text.style.TextDecoration? origin=DEFAULT_VALUE
                    CONST Null type=androidx.compose.ui.text.style.TextDecoration? value=null
                  textAlign: COMPOSITE type=androidx.compose.ui.text.style.TextAlign? origin=DEFAULT_VALUE
                    CONST Null type=androidx.compose.ui.text.style.TextAlign? value=null
                  lineHeight: COMPOSITE type=androidx.compose.ui.unit.TextUnit origin=DEFAULT_VALUE
                    CALL 'public final fun <unsafe-coerce> <T, R> (v: T of kotlin.jvm.internal.<unsafe-coerce>): R of kotlin.jvm.internal.<unsafe-coerce> declared in kotlin.jvm.internal' type=androidx.compose.ui.unit.TextUnit origin=null
                      <T>: kotlin.Long
                      <R>: androidx.compose.ui.unit.TextUnit
                      v: CONST Long type=kotlin.Long value=0
                  overflow: COMPOSITE type=androidx.compose.ui.text.style.TextOverflow origin=DEFAULT_VALUE
                    CALL 'public final fun <unsafe-coerce> <T, R> (v: T of kotlin.jvm.internal.<unsafe-coerce>): R of kotlin.jvm.internal.<unsafe-coerce> declared in kotlin.jvm.internal' type=androidx.compose.ui.text.style.TextOverflow origin=null
                      <T>: kotlin.Int
                      <R>: androidx.compose.ui.text.style.TextOverflow
                      v: CONST Int type=kotlin.Int value=0
                  softWrap: COMPOSITE type=kotlin.Boolean origin=DEFAULT_VALUE
                    CONST Boolean type=kotlin.Boolean value=false
                  maxLines: COMPOSITE type=kotlin.Int origin=DEFAULT_VALUE
                    CONST Int type=kotlin.Int value=0
                  minLines: COMPOSITE type=kotlin.Int origin=DEFAULT_VALUE
                    CONST Int type=kotlin.Int value=0
                  onTextLayout: COMPOSITE type=kotlin.Function1<androidx.compose.ui.text.TextLayoutResult, kotlin.Unit>? origin=DEFAULT_VALUE
                    CONST Null type=kotlin.Function1<androidx.compose.ui.text.TextLayoutResult, kotlin.Unit>? value=null
                  style: COMPOSITE type=androidx.compose.ui.text.TextStyle? origin=DEFAULT_VALUE
                    CONST Null type=androidx.compose.ui.text.TextStyle? value=null
                  $mask0: CONST Int type=kotlin.Int value=131058
                  $handler: CONST Null type=kotlin.Any? value=null
              CALL 'public final fun Spacer (modifier: androidx.compose.ui.Modifier): kotlin.Unit declared in androidx.compose.foundation.layout.SpacerKt' type=kotlin.Unit origin=null
                modifier: CALL 'public final fun height-3ABfNKs (height: androidx.compose.ui.unit.Dp): androidx.compose.ui.Modifier declared in androidx.compose.foundation.layout.SizeKt' type=androidx.compose.ui.Modifier origin=null
                  $receiver: GET_FIELD 'FIELD FIELD_FOR_OBJECT_INSTANCE name:Companion type:androidx.compose.ui.Modifier.Companion visibility:public [final,static]' type=androidx.compose.ui.Modifier.Companion origin=null
                  height: CALL 'public final fun <get-dp> (): androidx.compose.ui.unit.Dp [inline] declared in androidx.compose.ui.unit.DpKt' type=androidx.compose.ui.unit.Dp origin=GET_PROPERTY
                    $receiver: CONST Int type=kotlin.Int value=24
              CALL 'public final fun Text-wnt91jo$default (text: kotlin.String, modifier: androidx.compose.ui.Modifier?, color: androidx.compose.ui.graphics.Color, fontSize: androidx.compose.ui.unit.TextUnit, fontStyle: androidx.compose.ui.text.font.FontStyle?, fontWeight: androidx.compose.ui.text.font.FontWeight?, fontFamily: androidx.compose.ui.text.font.FontFamily?, letterSpacing: androidx.compose.ui.unit.TextUnit, textDecoration: androidx.compose.ui.text.style.TextDecoration?, textAlign: androidx.compose.ui.text.style.TextAlign?, lineHeight: androidx.compose.ui.unit.TextUnit, overflow: androidx.compose.ui.text.style.TextOverflow, softWrap: kotlin.Boolean, maxLines: kotlin.Int, minLines: kotlin.Int, onTextLayout: kotlin.Function1<androidx.compose.ui.text.TextLayoutResult, kotlin.Unit>?, style: androidx.compose.ui.text.TextStyle?, $mask0: kotlin.Int, $handler: kotlin.Any?): kotlin.Unit declared in androidx.compose.material3.TextKt' type=kotlin.Unit origin=DEFAULT_DISPATCH_CALL
                text: CONST String type=kotlin.String value="Services"
                modifier: COMPOSITE type=androidx.compose.ui.Modifier? origin=DEFAULT_VALUE
                  CONST Null type=androidx.compose.ui.Modifier? value=null
                color: COMPOSITE type=androidx.compose.ui.graphics.Color origin=DEFAULT_VALUE
                  CALL 'public final fun <unsafe-coerce> <T, R> (v: T of kotlin.jvm.internal.<unsafe-coerce>): R of kotlin.jvm.internal.<unsafe-coerce> declared in kotlin.jvm.internal' type=androidx.compose.ui.graphics.Color origin=null
                    <T>: kotlin.Long
                    <R>: androidx.compose.ui.graphics.Color
                    v: CONST Long type=kotlin.Long value=0
                fontSize: CALL 'public final fun <get-sp> (): androidx.compose.ui.unit.TextUnit declared in androidx.compose.ui.unit.TextUnitKt' type=androidx.compose.ui.unit.TextUnit origin=GET_PROPERTY
                  $receiver: CONST Int type=kotlin.Int value=18
                fontStyle: COMPOSITE type=androidx.compose.ui.text.font.FontStyle? origin=DEFAULT_VALUE
                  CONST Null type=androidx.compose.ui.text.font.FontStyle? value=null
                fontWeight: CALL 'public final fun <get-SemiBold> (): androidx.compose.ui.text.font.FontWeight declared in androidx.compose.ui.text.font.FontWeight.Companion' type=androidx.compose.ui.text.font.FontWeight origin=GET_PROPERTY
                  $this: GET_FIELD 'FIELD FIELD_FOR_OBJECT_INSTANCE name:Companion type:androidx.compose.ui.text.font.FontWeight.Companion visibility:public [final,static]' type=androidx.compose.ui.text.font.FontWeight.Companion origin=null
                fontFamily: COMPOSITE type=androidx.compose.ui.text.font.FontFamily? origin=DEFAULT_VALUE
                  CONST Null type=androidx.compose.ui.text.font.FontFamily? value=null
                letterSpacing: COMPOSITE type=androidx.compose.ui.unit.TextUnit origin=DEFAULT_VALUE
                  CALL 'public final fun <unsafe-coerce> <T, R> (v: T of kotlin.jvm.internal.<unsafe-coerce>): R of kotlin.jvm.internal.<unsafe-coerce> declared in kotlin.jvm.internal' type=androidx.compose.ui.unit.TextUnit origin=null
                    <T>: kotlin.Long
                    <R>: androidx.compose.ui.unit.TextUnit
                    v: CONST Long type=kotlin.Long value=0
                textDecoration: COMPOSITE type=androidx.compose.ui.text.style.TextDecoration? origin=DEFAULT_VALUE
                  CONST Null type=androidx.compose.ui.text.style.TextDecoration? value=null
                textAlign: COMPOSITE type=androidx.compose.ui.text.style.TextAlign? origin=DEFAULT_VALUE
                  CONST Null type=androidx.compose.ui.text.style.TextAlign? value=null
                lineHeight: COMPOSITE type=androidx.compose.ui.unit.TextUnit origin=DEFAULT_VALUE
                  CALL 'public final fun <unsafe-coerce> <T, R> (v: T of kotlin.jvm.internal.<unsafe-coerce>): R of kotlin.jvm.internal.<unsafe-coerce> declared in kotlin.jvm.internal' type=androidx.compose.ui.unit.TextUnit origin=null
                    <T>: kotlin.Long
                    <R>: androidx.compose.ui.unit.TextUnit
                    v: CONST Long type=kotlin.Long value=0
                overflow: COMPOSITE type=androidx.compose.ui.text.style.TextOverflow origin=DEFAULT_VALUE
                  CALL 'public final fun <unsafe-coerce> <T, R> (v: T of kotlin.jvm.internal.<unsafe-coerce>): R of kotlin.jvm.internal.<unsafe-coerce> declared in kotlin.jvm.internal' type=androidx.compose.ui.text.style.TextOverflow origin=null
                    <T>: kotlin.Int
                    <R>: androidx.compose.ui.text.style.TextOverflow
                    v: CONST Int type=kotlin.Int value=0
                softWrap: COMPOSITE type=kotlin.Boolean origin=DEFAULT_VALUE
                  CONST Boolean type=kotlin.Boolean value=false
                maxLines: COMPOSITE type=kotlin.Int origin=DEFAULT_VALUE
                  CONST Int type=kotlin.Int value=0
                minLines: COMPOSITE type=kotlin.Int origin=DEFAULT_VALUE
                  CONST Int type=kotlin.Int value=0
                onTextLayout: COMPOSITE type=kotlin.Function1<androidx.compose.ui.text.TextLayoutResult, kotlin.Unit>? origin=DEFAULT_VALUE
                  CONST Null type=kotlin.Function1<androidx.compose.ui.text.TextLayoutResult, kotlin.Unit>? value=null
                style: COMPOSITE type=androidx.compose.ui.text.TextStyle? origin=DEFAULT_VALUE
                  CONST Null type=androidx.compose.ui.text.TextStyle? value=null
                $mask0: CONST Int type=kotlin.Int value=131030
                $handler: CONST Null type=kotlin.Any? value=null
              CALL 'public final fun Spacer (modifier: androidx.compose.ui.Modifier): kotlin.Unit declared in androidx.compose.foundation.layout.SpacerKt' type=kotlin.Unit origin=null
                modifier: CALL 'public final fun height-3ABfNKs (height: androidx.compose.ui.unit.Dp): androidx.compose.ui.Modifier declared in androidx.compose.foundation.layout.SizeKt' type=androidx.compose.ui.Modifier origin=null
                  $receiver: GET_FIELD 'FIELD FIELD_FOR_OBJECT_INSTANCE name:Companion type:androidx.compose.ui.Modifier.Companion visibility:public [final,static]' type=androidx.compose.ui.Modifier.Companion origin=null
                  height: CALL 'public final fun <get-dp> (): androidx.compose.ui.unit.Dp [inline] declared in androidx.compose.ui.unit.DpKt' type=androidx.compose.ui.unit.Dp origin=GET_PROPERTY
                    $receiver: CONST Int type=kotlin.Int value=12
              CALL 'public final fun LazyColumn$default (modifier: androidx.compose.ui.Modifier?, state: androidx.compose.foundation.lazy.LazyListState?, contentPadding: androidx.compose.foundation.layout.PaddingValues?, reverseLayout: kotlin.Boolean, verticalArrangement: androidx.compose.foundation.layout.Arrangement.Vertical?, horizontalAlignment: androidx.compose.ui.Alignment.Horizontal?, flingBehavior: androidx.compose.foundation.gestures.FlingBehavior?, userScrollEnabled: kotlin.Boolean, content: @[ExtensionFunctionType] kotlin.Function1<androidx.compose.foundation.lazy.LazyListScope, kotlin.Unit>, $mask0: kotlin.Int, $handler: kotlin.Any?): kotlin.Unit declared in androidx.compose.foundation.lazy.LazyDslKt' type=kotlin.Unit origin=DEFAULT_DISPATCH_CALL
                modifier: COMPOSITE type=androidx.compose.ui.Modifier? origin=DEFAULT_VALUE
                  CONST Null type=androidx.compose.ui.Modifier? value=null
                state: COMPOSITE type=androidx.compose.foundation.lazy.LazyListState? origin=DEFAULT_VALUE
                  CONST Null type=androidx.compose.foundation.lazy.LazyListState? value=null
                contentPadding: COMPOSITE type=androidx.compose.foundation.layout.PaddingValues? origin=DEFAULT_VALUE
                  CONST Null type=androidx.compose.foundation.layout.PaddingValues? value=null
                reverseLayout: COMPOSITE type=kotlin.Boolean origin=DEFAULT_VALUE
                  CONST Boolean type=kotlin.Boolean value=false
                verticalArrangement: CALL 'public final fun spacedBy-0680j_4 (space: androidx.compose.ui.unit.Dp): androidx.compose.foundation.layout.Arrangement.HorizontalOrVertical declared in androidx.compose.foundation.layout.Arrangement' type=androidx.compose.foundation.layout.Arrangement.HorizontalOrVertical origin=null
                  $this: GET_FIELD 'FIELD FIELD_FOR_OBJECT_INSTANCE name:INSTANCE type:androidx.compose.foundation.layout.Arrangement visibility:public [final,static]' type=androidx.compose.foundation.layout.Arrangement origin=null
                  space: CALL 'public final fun <get-dp> (): androidx.compose.ui.unit.Dp [inline] declared in androidx.compose.ui.unit.DpKt' type=androidx.compose.ui.unit.Dp origin=GET_PROPERTY
                    $receiver: CONST Int type=kotlin.Int value=12
                horizontalAlignment: COMPOSITE type=androidx.compose.ui.Alignment.Horizontal? origin=DEFAULT_VALUE
                  CONST Null type=androidx.compose.ui.Alignment.Horizontal? value=null
                flingBehavior: COMPOSITE type=androidx.compose.foundation.gestures.FlingBehavior? origin=DEFAULT_VALUE
                  CONST Null type=androidx.compose.foundation.gestures.FlingBehavior? value=null
                userScrollEnabled: COMPOSITE type=kotlin.Boolean origin=DEFAULT_VALUE
                  CONST Boolean type=kotlin.Boolean value=false
                content: BLOCK type=com.vito.client.screens.HomeScreenKt.HomeScreen.<no name provided>.invoke$lambda$1.<no name provided> origin=null
                  CLASS LAMBDA_IMPL CLASS name:<no name provided> modality:FINAL visibility:public/*package*/ superTypes:[kotlin.jvm.internal.Lambda; kotlin.Function1<androidx.compose.foundation.lazy.LazyListScope, kotlin.Unit>]
                    $this: VALUE_PARAMETER INSTANCE_RECEIVER name:<this> type:com.vito.client.screens.HomeScreenKt.HomeScreen.<no name provided>.invoke$lambda$1.<no name provided>
                    CONSTRUCTOR GENERATED_MEMBER_IN_CALLABLE_REFERENCE visibility:public/*package*/ <> ($services:kotlin.collections.List<com.vito.client.screens.ServiceItem>) returnType:com.vito.client.screens.HomeScreenKt.HomeScreen.<no name provided>.invoke$lambda$1.<no name provided> [primary]
                      VALUE_PARAMETER BOUND_VALUE_PARAMETER name:$services index:0 type:kotlin.collections.List<com.vito.client.screens.ServiceItem>
                      BLOCK_BODY
                        SET_FIELD 'FIELD FIELD_FOR_CAPTURED_VALUE name:$services type:kotlin.collections.List<com.vito.client.screens.ServiceItem> visibility:public/*package*/ [final]' type=kotlin.Unit origin=INITIALIZER_OF_FIELD_FOR_CAPTURED_VALUE
                          receiver: GET_VAR '<this>: com.vito.client.screens.HomeScreenKt.HomeScreen.<no name provided>.invoke$lambda$1.<no name provided> declared in com.vito.client.screens.HomeScreenKt.HomeScreen.<no name provided>.invoke$lambda$1.<no name provided>' type=com.vito.client.screens.HomeScreenKt.HomeScreen.<no name provided>.invoke$lambda$1.<no name provided> origin=null
                          value: GET_VAR '$services: kotlin.collections.List<com.vito.client.screens.ServiceItem> declared in com.vito.client.screens.HomeScreenKt.HomeScreen.<no name provided>.invoke$lambda$1.<no name provided>.<init>' type=kotlin.collections.List<com.vito.client.screens.ServiceItem> origin=null
                        DELEGATING_CONSTRUCTOR_CALL 'public constructor <init> (arity: kotlin.Int) declared in kotlin.jvm.internal.Lambda'
                          arity: CONST Int type=kotlin.Int value=1
                        BLOCK type=kotlin.Unit origin=null
                    FUN name:invoke visibility:public modality:FINAL <> ($this:com.vito.client.screens.HomeScreenKt.HomeScreen.<no name provided>.invoke$lambda$1.<no name provided>, $this$LazyColumn:androidx.compose.foundation.lazy.LazyListScope) returnType:kotlin.Unit
                      overridden:
                        public abstract fun invoke (p1: P1 of kotlin.Function1): R of kotlin.Function1 [operator] declared in kotlin.Function1
                      $this: VALUE_PARAMETER INSTANCE_RECEIVER name:<this> type:com.vito.client.screens.HomeScreenKt.HomeScreen.<no name provided>.invoke$lambda$1.<no name provided>
                      VALUE_PARAMETER name:$this$LazyColumn index:0 type:androidx.compose.foundation.lazy.LazyListScope
                      BLOCK_BODY
                        CALL 'public final fun items$default <T> (items: kotlin.collections.List<T of androidx.compose.foundation.lazy.LazyDslKt.items$default>, key: kotlin.Function1<@[ParameterName(name = 'item')] T of androidx.compose.foundation.lazy.LazyDslKt.items$default, kotlin.Any>?, contentType: kotlin.Function1<@[ParameterName(name = 'item')] T of androidx.compose.foundation.lazy.LazyDslKt.items$default, kotlin.Any?>?, itemContent: @[Composable] @[ExtensionFunctionType] kotlin.Function2<androidx.compose.foundation.lazy.LazyItemScope, @[ParameterName(name = 'item')] T of androidx.compose.foundation.lazy.LazyDslKt.items$default, kotlin.Unit>, $mask0: kotlin.Int, $handler: kotlin.Any?): kotlin.Unit [inline] declared in androidx.compose.foundation.lazy.LazyDslKt' type=kotlin.Unit origin=DEFAULT_DISPATCH_CALL
                          <T>: com.vito.client.screens.ServiceItem
                          $receiver: GET_VAR '$this$LazyColumn: androidx.compose.foundation.lazy.LazyListScope declared in com.vito.client.screens.HomeScreenKt.HomeScreen.<no name provided>.invoke$lambda$1.<no name provided>.invoke' type=androidx.compose.foundation.lazy.LazyListScope origin=null
                          items: GET_FIELD 'FIELD FIELD_FOR_CAPTURED_VALUE name:$services type:kotlin.collections.List<com.vito.client.screens.ServiceItem> visibility:public/*package*/ [final]' type=kotlin.collections.List<com.vito.client.screens.ServiceItem> origin=null
                            receiver: GET_VAR '<this>: com.vito.client.screens.HomeScreenKt.HomeScreen.<no name provided>.invoke$lambda$1.<no name provided> declared in com.vito.client.screens.HomeScreenKt.HomeScreen.<no name provided>.invoke$lambda$1.<no name provided>.invoke' type=com.vito.client.screens.HomeScreenKt.HomeScreen.<no name provided>.invoke$lambda$1.<no name provided> origin=null
                          key: COMPOSITE type=kotlin.Function1<@[ParameterName(name = 'item')] T of androidx.compose.foundation.lazy.LazyDslKt.items$default, kotlin.Any>? origin=DEFAULT_VALUE
                            CONST Null type=kotlin.Function1<@[ParameterName(name = 'item')] T of androidx.compose.foundation.lazy.LazyDslKt.items$default, kotlin.Any>? value=null
                          contentType: COMPOSITE type=kotlin.Function1<@[ParameterName(name = 'item')] T of androidx.compose.foundation.lazy.LazyDslKt.items$default, kotlin.Any?>? origin=DEFAULT_VALUE
                            CONST Null type=kotlin.Function1<@[ParameterName(name = 'item')] T of androidx.compose.foundation.lazy.LazyDslKt.items$default, kotlin.Any?>? value=null
                          itemContent: BLOCK type=@[ExtensionFunctionType] kotlin.Function2<androidx.compose.foundation.lazy.LazyItemScope, @[ParameterName(name = 'item')] com.vito.client.screens.ServiceItem, kotlin.Unit> origin=LAMBDA
                            COMPOSITE type=kotlin.Unit origin=null
                            FUNCTION_REFERENCE 'private final fun invoke$lambda$0 (service: com.vito.client.screens.ServiceItem): kotlin.Unit declared in com.vito.client.screens.HomeScreenKt.HomeScreen.<no name provided>.invoke$lambda$1.<no name provided>' type=@[ExtensionFunctionType] kotlin.Function2<androidx.compose.foundation.lazy.LazyItemScope, @[ParameterName(name = 'item')] com.vito.client.screens.ServiceItem, kotlin.Unit> origin=INLINE_LAMBDA reflectionTarget=null
                          $mask0: CONST Int type=kotlin.Int value=6
                          $handler: CONST Null type=kotlin.Any? value=null
                    FIELD FIELD_FOR_CAPTURED_VALUE name:$services type:kotlin.collections.List<com.vito.client.screens.ServiceItem> visibility:public/*package*/ [final]
                    FUN INLINE_LAMBDA name:invoke$lambda$0 visibility:private modality:FINAL <> ($receiver:androidx.compose.foundation.lazy.LazyItemScope, service:com.vito.client.screens.ServiceItem) returnType:kotlin.Unit
                      $receiver: VALUE_PARAMETER name:$this$items type:androidx.compose.foundation.lazy.LazyItemScope
                      VALUE_PARAMETER name:service index:0 type:com.vito.client.screens.ServiceItem
                      BLOCK_BODY
                        VAR name:$i$a$-items$default-HomeScreenKt$HomeScreen$2$1$1$1 type:kotlin.Int [val]
                          CONST Int type=kotlin.Int value=0
                        CALL 'public final fun ServiceCard (service: com.vito.client.screens.ServiceItem): kotlin.Unit declared in com.vito.client.screens.HomeScreenKt' type=kotlin.Unit origin=null
                          service: GET_VAR 'service: com.vito.client.screens.ServiceItem declared in com.vito.client.screens.HomeScreenKt.HomeScreen.<no name provided>.invoke$lambda$1.<no name provided>.invoke$lambda$0' type=com.vito.client.screens.ServiceItem origin=null
                    FUN BRIDGE name:invoke visibility:public modality:OPEN <> ($this:com.vito.client.screens.HomeScreenKt.HomeScreen.<no name provided>.invoke$lambda$1.<no name provided>, p1:kotlin.Any?) returnType:kotlin.Any?
                      $this: VALUE_PARAMETER INSTANCE_RECEIVER name:<this> type:com.vito.client.screens.HomeScreenKt.HomeScreen.<no name provided>.invoke$lambda$1.<no name provided>
                      VALUE_PARAMETER BRIDGE name:p1 index:0 type:kotlin.Any?
                      EXPRESSION_BODY
                        RETURN type=kotlin.Nothing from='public open fun invoke (p1: kotlin.Any?): kotlin.Any? declared in com.vito.client.screens.HomeScreenKt.HomeScreen.<no name provided>.invoke$lambda$1.<no name provided>'
                          CALL 'public final fun invoke ($this$LazyColumn: androidx.compose.foundation.lazy.LazyListScope): kotlin.Unit declared in com.vito.client.screens.HomeScreenKt.HomeScreen.<no name provided>.invoke$lambda$1.<no name provided>' type=kotlin.Unit origin=BRIDGE_DELEGATION
                            $this: GET_VAR '<this>: com.vito.client.screens.HomeScreenKt.HomeScreen.<no name provided>.invoke$lambda$1.<no name provided> declared in com.vito.client.screens.HomeScreenKt.HomeScreen.<no name provided>.invoke$lambda$1.<no name provided>.invoke' type=com.vito.client.screens.HomeScreenKt.HomeScreen.<no name provided>.invoke$lambda$1.<no name provided> origin=null
                            $this$LazyColumn: TYPE_OP type=androidx.compose.foundation.lazy.LazyListScope origin=IMPLICIT_CAST typeOperand=androidx.compose.foundation.lazy.LazyListScope
                              GET_VAR 'p1: kotlin.Any? declared in com.vito.client.screens.HomeScreenKt.HomeScreen.<no name provided>.invoke$lambda$1.<no name provided>.invoke' type=kotlin.Any? origin=null
                  CONSTRUCTOR_CALL 'public/*package*/ constructor <init> ($services: kotlin.collections.List<com.vito.client.screens.ServiceItem>) [primary] declared in com.vito.client.screens.HomeScreenKt.HomeScreen.<no name provided>.invoke$lambda$1.<no name provided>' type=com.vito.client.screens.HomeScreenKt.HomeScreen.<no name provided>.invoke$lambda$1.<no name provided> origin=null
                    $services: GET_VAR '$services: kotlin.collections.List<com.vito.client.screens.ServiceItem> declared in com.vito.client.screens.HomeScreenKt.HomeScreen.<no name provided>.invoke$lambda$1' type=kotlin.collections.List<com.vito.client.screens.ServiceItem> origin=null
                $mask0: CONST Int type=kotlin.Int value=239
                $handler: CONST Null type=kotlin.Any? value=null
              CALL 'public final fun Spacer (modifier: androidx.compose.ui.Modifier): kotlin.Unit declared in androidx.compose.foundation.layout.SpacerKt' type=kotlin.Unit origin=null
                modifier: CALL 'public final fun height-3ABfNKs (height: androidx.compose.ui.unit.Dp): androidx.compose.ui.Modifier declared in androidx.compose.foundation.layout.SizeKt' type=androidx.compose.ui.Modifier origin=null
                  $receiver: GET_FIELD 'FIELD FIELD_FOR_OBJECT_INSTANCE name:Companion type:androidx.compose.ui.Modifier.Companion visibility:public [final,static]' type=androidx.compose.ui.Modifier.Companion origin=null
                  height: CALL 'public final fun <get-dp> (): androidx.compose.ui.unit.Dp [inline] declared in androidx.compose.ui.unit.DpKt' type=androidx.compose.ui.unit.Dp origin=GET_PROPERTY
                    $receiver: CONST Int type=kotlin.Int value=24
              CALL 'public final fun Text-wnt91jo$default (text: kotlin.String, modifier: androidx.compose.ui.Modifier?, color: androidx.compose.ui.graphics.Color, fontSize: androidx.compose.ui.unit.TextUnit, fontStyle: androidx.compose.ui.text.font.FontStyle?, fontWeight: androidx.compose.ui.text.font.FontWeight?, fontFamily: androidx.compose.ui.text.font.FontFamily?, letterSpacing: androidx.compose.ui.unit.TextUnit, textDecoration: androidx.compose.ui.text.style.TextDecoration?, textAlign: androidx.compose.ui.text.style.TextAlign?, lineHeight: androidx.compose.ui.unit.TextUnit, overflow: androidx.compose.ui.text.style.TextOverflow, softWrap: kotlin.Boolean, maxLines: kotlin.Int, minLines: kotlin.Int, onTextLayout: kotlin.Function1<androidx.compose.ui.text.TextLayoutResult, kotlin.Unit>?, style: androidx.compose.ui.text.TextStyle?, $mask0: kotlin.Int, $handler: kotlin.Any?): kotlin.Unit declared in androidx.compose.material3.TextKt' type=kotlin.Unit origin=DEFAULT_DISPATCH_CALL
                text: CONST String type=kotlin.String value="Quick Actions"
                modifier: COMPOSITE type=androidx.compose.ui.Modifier? origin=DEFAULT_VALUE
                  CONST Null type=androidx.compose.ui.Modifier? value=null
                color: COMPOSITE type=androidx.compose.ui.graphics.Color origin=DEFAULT_VALUE
                  CALL 'public final fun <unsafe-coerce> <T, R> (v: T of kotlin.jvm.internal.<unsafe-coerce>): R of kotlin.jvm.internal.<unsafe-coerce> declared in kotlin.jvm.internal' type=androidx.compose.ui.graphics.Color origin=null
                    <T>: kotlin.Long
                    <R>: androidx.compose.ui.graphics.Color
                    v: CONST Long type=kotlin.Long value=0
                fontSize: CALL 'public final fun <get-sp> (): androidx.compose.ui.unit.TextUnit declared in androidx.compose.ui.unit.TextUnitKt' type=androidx.compose.ui.unit.TextUnit origin=GET_PROPERTY
                  $receiver: CONST Int type=kotlin.Int value=18
                fontStyle: COMPOSITE type=androidx.compose.ui.text.font.FontStyle? origin=DEFAULT_VALUE
                  CONST Null type=androidx.compose.ui.text.font.FontStyle? value=null
                fontWeight: CALL 'public final fun <get-SemiBold> (): androidx.compose.ui.text.font.FontWeight declared in androidx.compose.ui.text.font.FontWeight.Companion' type=androidx.compose.ui.text.font.FontWeight origin=GET_PROPERTY
                  $this: GET_FIELD 'FIELD FIELD_FOR_OBJECT_INSTANCE name:Companion type:androidx.compose.ui.text.font.FontWeight.Companion visibility:public [final,static]' type=androidx.compose.ui.text.font.FontWeight.Companion origin=null
                fontFamily: COMPOSITE type=androidx.compose.ui.text.font.FontFamily? origin=DEFAULT_VALUE
                  CONST Null type=androidx.compose.ui.text.font.FontFamily? value=null
                letterSpacing: COMPOSITE type=androidx.compose.ui.unit.TextUnit origin=DEFAULT_VALUE
                  CALL 'public final fun <unsafe-coerce> <T, R> (v: T of kotlin.jvm.internal.<unsafe-coerce>): R of kotlin.jvm.internal.<unsafe-coerce> declared in kotlin.jvm.internal' type=androidx.compose.ui.unit.TextUnit origin=null
                    <T>: kotlin.Long
                    <R>: androidx.compose.ui.unit.TextUnit
                    v: CONST Long type=kotlin.Long value=0
                textDecoration: COMPOSITE type=androidx.compose.ui.text.style.TextDecoration? origin=DEFAULT_VALUE
                  CONST Null type=androidx.compose.ui.text.style.TextDecoration? value=null
                textAlign: COMPOSITE type=androidx.compose.ui.text.style.TextAlign? origin=DEFAULT_VALUE
                  CONST Null type=androidx.compose.ui.text.style.TextAlign? value=null
                lineHeight: COMPOSITE type=androidx.compose.ui.unit.TextUnit origin=DEFAULT_VALUE
                  CALL 'public final fun <unsafe-coerce> <T, R> (v: T of kotlin.jvm.internal.<unsafe-coerce>): R of kotlin.jvm.internal.<unsafe-coerce> declared in kotlin.jvm.internal' type=androidx.compose.ui.unit.TextUnit origin=null
                    <T>: kotlin.Long
                    <R>: androidx.compose.ui.unit.TextUnit
                    v: CONST Long type=kotlin.Long value=0
                overflow: COMPOSITE type=androidx.compose.ui.text.style.TextOverflow origin=DEFAULT_VALUE
                  CALL 'public final fun <unsafe-coerce> <T, R> (v: T of kotlin.jvm.internal.<unsafe-coerce>): R of kotlin.jvm.internal.<unsafe-coerce> declared in kotlin.jvm.internal' type=androidx.compose.ui.text.style.TextOverflow origin=null
                    <T>: kotlin.Int
                    <R>: androidx.compose.ui.text.style.TextOverflow
                    v: CONST Int type=kotlin.Int value=0
                softWrap: COMPOSITE type=kotlin.Boolean origin=DEFAULT_VALUE
                  CONST Boolean type=kotlin.Boolean value=false
                maxLines: COMPOSITE type=kotlin.Int origin=DEFAULT_VALUE
                  CONST Int type=kotlin.Int value=0
                minLines: COMPOSITE type=kotlin.Int origin=DEFAULT_VALUE
                  CONST Int type=kotlin.Int value=0
                onTextLayout: COMPOSITE type=kotlin.Function1<androidx.compose.ui.text.TextLayoutResult, kotlin.Unit>? origin=DEFAULT_VALUE
                  CONST Null type=kotlin.Function1<androidx.compose.ui.text.TextLayoutResult, kotlin.Unit>? value=null
                style: COMPOSITE type=androidx.compose.ui.text.TextStyle? origin=DEFAULT_VALUE
                  CONST Null type=androidx.compose.ui.text.TextStyle? value=null
                $mask0: CONST Int type=kotlin.Int value=131030
                $handler: CONST Null type=kotlin.Any? value=null
              CALL 'public final fun Spacer (modifier: androidx.compose.ui.Modifier): kotlin.Unit declared in androidx.compose.foundation.layout.SpacerKt' type=kotlin.Unit origin=null
                modifier: CALL 'public final fun height-3ABfNKs (height: androidx.compose.ui.unit.Dp): androidx.compose.ui.Modifier declared in androidx.compose.foundation.layout.SizeKt' type=androidx.compose.ui.Modifier origin=null
                  $receiver: GET_FIELD 'FIELD FIELD_FOR_OBJECT_INSTANCE name:Companion type:androidx.compose.ui.Modifier.Companion visibility:public [final,static]' type=androidx.compose.ui.Modifier.Companion origin=null
                  height: CALL 'public final fun <get-dp> (): androidx.compose.ui.unit.Dp [inline] declared in androidx.compose.ui.unit.DpKt' type=androidx.compose.ui.unit.Dp origin=GET_PROPERTY
                    $receiver: CONST Int type=kotlin.Int value=12
              CALL 'public final fun Row$default (modifier: androidx.compose.ui.Modifier?, horizontalArrangement: androidx.compose.foundation.layout.Arrangement.Horizontal?, verticalAlignment: androidx.compose.ui.Alignment.Vertical?, content: @[Composable] @[ExtensionFunctionType] kotlin.Function1<androidx.compose.foundation.layout.RowScope, kotlin.Unit>, $mask0: kotlin.Int, $handler: kotlin.Any?): kotlin.Unit [inline] declared in androidx.compose.foundation.layout.RowKt' type=kotlin.Unit origin=DEFAULT_DISPATCH_CALL
                modifier: CALL 'public final fun fillMaxWidth$default (fraction: kotlin.Float, $mask0: kotlin.Int, $handler: kotlin.Any?): androidx.compose.ui.Modifier declared in androidx.compose.foundation.layout.SizeKt' type=androidx.compose.ui.Modifier origin=DEFAULT_DISPATCH_CALL
                  $receiver: GET_FIELD 'FIELD FIELD_FOR_OBJECT_INSTANCE name:Companion type:androidx.compose.ui.Modifier.Companion visibility:public [final,static]' type=androidx.compose.ui.Modifier.Companion origin=null
                  fraction: COMPOSITE type=kotlin.Float origin=DEFAULT_VALUE
                    CONST Float type=kotlin.Float value=0.0
                  $mask0: CONST Int type=kotlin.Int value=1
                  $handler: CONST Null type=kotlin.Any? value=null
                horizontalArrangement: CALL 'public final fun spacedBy-0680j_4 (space: androidx.compose.ui.unit.Dp): androidx.compose.foundation.layout.Arrangement.HorizontalOrVertical declared in androidx.compose.foundation.layout.Arrangement' type=androidx.compose.foundation.layout.Arrangement.HorizontalOrVertical origin=null
                  $this: GET_FIELD 'FIELD FIELD_FOR_OBJECT_INSTANCE name:INSTANCE type:androidx.compose.foundation.layout.Arrangement visibility:public [final,static]' type=androidx.compose.foundation.layout.Arrangement origin=null
                  space: CALL 'public final fun <get-dp> (): androidx.compose.ui.unit.Dp [inline] declared in androidx.compose.ui.unit.DpKt' type=androidx.compose.ui.unit.Dp origin=GET_PROPERTY
                    $receiver: CONST Int type=kotlin.Int value=12
                verticalAlignment: COMPOSITE type=androidx.compose.ui.Alignment.Vertical? origin=DEFAULT_VALUE
                  CONST Null type=androidx.compose.ui.Alignment.Vertical? value=null
                content: BLOCK type=@[ExtensionFunctionType] kotlin.Function1<androidx.compose.foundation.layout.RowScope, kotlin.Unit> origin=LAMBDA
                  COMPOSITE type=kotlin.Unit origin=null
                  FUNCTION_REFERENCE 'private final fun invoke$lambda$1$lambda$0 (): kotlin.Unit declared in com.vito.client.screens.HomeScreenKt.HomeScreen.<no name provided>' type=@[ExtensionFunctionType] kotlin.Function1<androidx.compose.foundation.layout.RowScope, kotlin.Unit> origin=INLINE_LAMBDA reflectionTarget=null
                $mask0: CONST Int type=kotlin.Int value=4
                $handler: CONST Null type=kotlin.Any? value=null
          FUN BRIDGE name:invoke visibility:public modality:OPEN <> ($this:com.vito.client.screens.HomeScreenKt.HomeScreen.<no name provided>, p1:kotlin.Any?) returnType:kotlin.Any?
            $this: VALUE_PARAMETER INSTANCE_RECEIVER name:<this> type:com.vito.client.screens.HomeScreenKt.HomeScreen.<no name provided>
            VALUE_PARAMETER BRIDGE name:p1 index:0 type:kotlin.Any?
            EXPRESSION_BODY
              RETURN type=kotlin.Nothing from='public open fun invoke (p1: kotlin.Any?): kotlin.Any? declared in com.vito.client.screens.HomeScreenKt.HomeScreen.<no name provided>'
                CALL 'public final fun invoke (padding: androidx.compose.foundation.layout.PaddingValues): kotlin.Unit declared in com.vito.client.screens.HomeScreenKt.HomeScreen.<no name provided>' type=kotlin.Unit origin=BRIDGE_DELEGATION
                  $this: GET_VAR '<this>: com.vito.client.screens.HomeScreenKt.HomeScreen.<no name provided> declared in com.vito.client.screens.HomeScreenKt.HomeScreen.<no name provided>.invoke' type=com.vito.client.screens.HomeScreenKt.HomeScreen.<no name provided> origin=null
                  padding: TYPE_OP type=androidx.compose.foundation.layout.PaddingValues origin=IMPLICIT_CAST typeOperand=androidx.compose.foundation.layout.PaddingValues
                    GET_VAR 'p1: kotlin.Any? declared in com.vito.client.screens.HomeScreenKt.HomeScreen.<no name provided>.invoke' type=kotlin.Any? origin=null
        CONSTRUCTOR_CALL 'public/*package*/ constructor <init> ($services: kotlin.collections.List<com.vito.client.screens.ServiceItem>) [primary] declared in com.vito.client.screens.HomeScreenKt.HomeScreen.<no name provided>' type=com.vito.client.screens.HomeScreenKt.HomeScreen.<no name provided> origin=null
          $services: GET_VAR 'val services: kotlin.collections.List<com.vito.client.screens.ServiceItem> [val] declared in com.vito.client.screens.HomeScreenKt.HomeScreen' type=kotlin.collections.List<com.vito.client.screens.ServiceItem> origin=null
      $mask0: CONST Int type=kotlin.Int value=507
      $handler: CONST Null type=kotlin.Any? value=null

	at org.jetbrains.kotlin.backend.jvm.codegen.FunctionCodegen.generate(FunctionCodegen.kt:51)
	at org.jetbrains.kotlin.backend.jvm.codegen.FunctionCodegen.generate$default(FunctionCodegen.kt:43)
	at org.jetbrains.kotlin.backend.jvm.codegen.ClassCodegen.generateMethodNode(ClassCodegen.kt:390)
	at org.jetbrains.kotlin.backend.jvm.codegen.ClassCodegen.generateMethod(ClassCodegen.kt:407)
	at org.jetbrains.kotlin.backend.jvm.codegen.ClassCodegen.generate(ClassCodegen.kt:169)
	at org.jetbrains.kotlin.backend.jvm.FileCodegen.lower(JvmPhases.kt:41)
	at org.jetbrains.kotlin.backend.common.phaser.FileLoweringPhaseAdapter.invoke(PhaseBuilders.kt:120)
	at org.jetbrains.kotlin.backend.common.phaser.FileLoweringPhaseAdapter.invoke(PhaseBuilders.kt:116)
	at org.jetbrains.kotlin.backend.common.phaser.NamedCompilerPhase.phaseBody(CompilerPhase.kt:147)
	at org.jetbrains.kotlin.backend.common.phaser.AbstractNamedCompilerPhase.invoke(CompilerPhase.kt:94)
	at org.jetbrains.kotlin.backend.common.phaser.PerformByIrFilePhase.invokeSequential(performByIrFile.kt:62)
	... 44 more
Caused by: org.jetbrains.kotlin.codegen.CompilationException: Back-end (JVM) Internal error: Couldn't inline method call: CALL 'public final fun remember <T> (calculation: @[DisallowComposableCalls] kotlin.Function0<T of androidx.compose.runtime.ComposablesKt.remember>): T of androidx.compose.runtime.ComposablesKt.remember [inline] declared in androidx.compose.runtime.ComposablesKt' type=androidx.compose.runtime.MutableState<kotlin.String> origin=null
Method: null
File is unknown
The root cause java.lang.IllegalStateException was thrown at: org.jetbrains.kotlin.codegen.inline.SourceCompilerForInlineKt.getMethodNode(SourceCompilerForInline.kt:118)
	at org.jetbrains.kotlin.codegen.inline.InlineCodegen.performInline(InlineCodegen.kt:67)
	at org.jetbrains.kotlin.backend.jvm.codegen.IrInlineCodegen.genInlineCall(IrInlineCodegen.kt:162)
	at org.jetbrains.kotlin.backend.jvm.codegen.IrInlineCallGenerator.genCall(IrInlineCallGenerator.kt:36)
	at org.jetbrains.kotlin.backend.jvm.codegen.ExpressionCodegen.visitCall(ExpressionCodegen.kt:627)
	at org.jetbrains.kotlin.backend.jvm.codegen.ExpressionCodegen.visitCall(ExpressionCodegen.kt:134)
	at org.jetbrains.kotlin.ir.expressions.IrCall.accept(IrCall.kt:26)
	at org.jetbrains.kotlin.backend.jvm.codegen.ExpressionCodegen.visitVariable(ExpressionCodegen.kt:757)
	at org.jetbrains.kotlin.backend.jvm.codegen.ExpressionCodegen.visitVariable(ExpressionCodegen.kt:134)
	at org.jetbrains.kotlin.ir.declarations.IrVariable.accept(IrVariable.kt:38)
	at org.jetbrains.kotlin.backend.jvm.codegen.ExpressionCodegen.visitStatementContainer(ExpressionCodegen.kt:562)
	at org.jetbrains.kotlin.backend.jvm.codegen.ExpressionCodegen.visitBlockBody(ExpressionCodegen.kt:567)
	at org.jetbrains.kotlin.backend.jvm.codegen.ExpressionCodegen.visitBlockBody(ExpressionCodegen.kt:134)
	at org.jetbrains.kotlin.ir.expressions.IrBlockBody.accept(IrBlockBody.kt:25)
	at org.jetbrains.kotlin.backend.jvm.codegen.ExpressionCodegen.generate(ExpressionCodegen.kt:228)
	at org.jetbrains.kotlin.backend.jvm.codegen.FunctionCodegen.doGenerate(FunctionCodegen.kt:122)
	at org.jetbrains.kotlin.backend.jvm.codegen.FunctionCodegen.generate(FunctionCodegen.kt:47)
	... 54 more
Caused by: java.lang.IllegalStateException: couldn't find inline method Landroidx/compose/runtime/ComposablesKt;.remember(Lkotlin/jvm/functions/Function0;)Ljava/lang/Object;
	at org.jetbrains.kotlin.codegen.inline.SourceCompilerForInlineKt.getMethodNode(SourceCompilerForInline.kt:118)
	at org.jetbrains.kotlin.codegen.inline.SourceCompilerForInlineKt.loadCompiledInlineFunction(SourceCompilerForInline.kt:96)
	at org.jetbrains.kotlin.backend.jvm.codegen.IrSourceCompilerForInline.compileInlineFunction(IrSourceCompilerForInline.kt:91)
	at org.jetbrains.kotlin.codegen.inline.InlineCodegen.compileInline(InlineCodegen.kt:45)
	at org.jetbrains.kotlin.codegen.inline.InlineCodegen.performInline(InlineCodegen.kt:53)
	... 69 more


