kotlin version: 1.9.22
error message: org.jetbrains.kotlin.backend.common.BackendException: Backend Internal error: Exception during IR lowering
File being compiled: /workspace/project/vito/core/ui/src/main/kotlin/com/vito/core/ui/components/DriverCard.kt
The root cause java.lang.RuntimeException was thrown at: org.jetbrains.kotlin.backend.jvm.codegen.FunctionCodegen.generate(FunctionCodegen.kt:51)
	at org.jetbrains.kotlin.backend.common.CodegenUtil.reportBackendException(CodegenUtil.kt:253)
	at org.jetbrains.kotlin.backend.common.CodegenUtil.reportBackendException$default(CodegenUtil.kt:237)
	at org.jetbrains.kotlin.backend.common.phaser.PerformByIrFilePhase.invokeSequential(performByIrFile.kt:65)
	at org.jetbrains.kotlin.backend.common.phaser.PerformByIrFilePhase.invoke(performByIrFile.kt:52)
	at org.jetbrains.kotlin.backend.common.phaser.PerformByIrFilePhase.invoke(performByIrFile.kt:38)
	at org.jetbrains.kotlin.backend.common.phaser.NamedCompilerPhase.phaseBody(CompilerPhase.kt:147)
	at org.jetbrains.kotlin.backend.common.phaser.AbstractNamedCompilerPhase.invoke(CompilerPhase.kt:94)
	at org.jetbrains.kotlin.backend.common.phaser.CompositePhase.invoke(PhaseBuilders.kt:29)
	at org.jetbrains.kotlin.backend.common.phaser.CompositePhase.invoke(PhaseBuilders.kt:16)
	at org.jetbrains.kotlin.backend.common.phaser.NamedCompilerPhase.phaseBody(CompilerPhase.kt:147)
	at org.jetbrains.kotlin.backend.common.phaser.AbstractNamedCompilerPhase.invoke(CompilerPhase.kt:94)
	at org.jetbrains.kotlin.backend.common.phaser.CompilerPhaseKt.invokeToplevel(CompilerPhase.kt:43)
	at org.jetbrains.kotlin.backend.jvm.JvmIrCodegenFactory.invokeCodegen(JvmIrCodegenFactory.kt:361)
	at org.jetbrains.kotlin.cli.jvm.compiler.KotlinToJVMBytecodeCompiler.runCodegen(KotlinToJVMBytecodeCompiler.kt:347)
	at org.jetbrains.kotlin.cli.jvm.compiler.KotlinToJVMBytecodeCompiler.compileModules$cli(KotlinToJVMBytecodeCompiler.kt:122)
	at org.jetbrains.kotlin.cli.jvm.compiler.KotlinToJVMBytecodeCompiler.compileModules$cli$default(KotlinToJVMBytecodeCompiler.kt:43)
	at org.jetbrains.kotlin.cli.jvm.K2JVMCompiler.doExecute(K2JVMCompiler.kt:165)
	at org.jetbrains.kotlin.cli.jvm.K2JVMCompiler.doExecute(K2JVMCompiler.kt:50)
	at org.jetbrains.kotlin.cli.common.CLICompiler.execImpl(CLICompiler.kt:104)
	at org.jetbrains.kotlin.cli.common.CLICompiler.execImpl(CLICompiler.kt:48)
	at org.jetbrains.kotlin.cli.common.CLITool.exec(CLITool.kt:101)
	at org.jetbrains.kotlin.incremental.IncrementalJvmCompilerRunner.runCompiler(IncrementalJvmCompilerRunner.kt:463)
	at org.jetbrains.kotlin.incremental.IncrementalJvmCompilerRunner.runCompiler(IncrementalJvmCompilerRunner.kt:62)
	at org.jetbrains.kotlin.incremental.IncrementalCompilerRunner.doCompile(IncrementalCompilerRunner.kt:477)
	at org.jetbrains.kotlin.incremental.IncrementalCompilerRunner.compileImpl(IncrementalCompilerRunner.kt:400)
	at org.jetbrains.kotlin.incremental.IncrementalCompilerRunner.compileNonIncrementally(IncrementalCompilerRunner.kt:281)
	at org.jetbrains.kotlin.incremental.IncrementalCompilerRunner.compile(IncrementalCompilerRunner.kt:125)
	at org.jetbrains.kotlin.daemon.CompileServiceImplBase.execIncrementalCompiler(CompileServiceImpl.kt:657)
	at org.jetbrains.kotlin.daemon.CompileServiceImplBase.access$execIncrementalCompiler(CompileServiceImpl.kt:105)
	at org.jetbrains.kotlin.daemon.CompileServiceImpl.compile(CompileServiceImpl.kt:1624)
	at java.base/jdk.internal.reflect.NativeMethodAccessorImpl.invoke0(Native Method)
	at java.base/jdk.internal.reflect.NativeMethodAccessorImpl.invoke(NativeMethodAccessorImpl.java:77)
	at java.base/jdk.internal.reflect.DelegatingMethodAccessorImpl.invoke(DelegatingMethodAccessorImpl.java:43)
	at java.base/java.lang.reflect.Method.invoke(Method.java:568)
	at java.rmi/sun.rmi.server.UnicastServerRef.dispatch(UnicastServerRef.java:360)
	at java.rmi/sun.rmi.transport.Transport$1.run(Transport.java:200)
	at java.rmi/sun.rmi.transport.Transport$1.run(Transport.java:197)
	at java.base/java.security.AccessController.doPrivileged(AccessController.java:712)
	at java.rmi/sun.rmi.transport.Transport.serviceCall(Transport.java:196)
	at java.rmi/sun.rmi.transport.tcp.TCPTransport.handleMessages(TCPTransport.java:587)
	at java.rmi/sun.rmi.transport.tcp.TCPTransport$ConnectionHandler.run0(TCPTransport.java:828)
	at java.rmi/sun.rmi.transport.tcp.TCPTransport$ConnectionHandler.lambda$run$0(TCPTransport.java:705)
	at java.base/java.security.AccessController.doPrivileged(AccessController.java:399)
	at java.rmi/sun.rmi.transport.tcp.TCPTransport$ConnectionHandler.run(TCPTransport.java:704)
	at java.base/java.util.concurrent.ThreadPoolExecutor.runWorker(ThreadPoolExecutor.java:1136)
	at java.base/java.util.concurrent.ThreadPoolExecutor$Worker.run(ThreadPoolExecutor.java:635)
	at java.base/java.lang.Thread.run(Thread.java:840)
Caused by: java.lang.RuntimeException: Exception while generating code for:
FUN name:DriverCard visibility:public modality:FINAL <> (name:kotlin.String, photoUrl:kotlin.String?, plateNumber:kotlin.String, rating:kotlin.Double, vehicleType:kotlin.String, etaMinutes:kotlin.Int, onClick:kotlin.Function0<kotlin.Unit>, modifier:androidx.compose.ui.Modifier) returnType:kotlin.Unit
  annotations:
    Composable
  VALUE_PARAMETER name:name index:0 type:kotlin.String
  VALUE_PARAMETER name:photoUrl index:1 type:kotlin.String?
  VALUE_PARAMETER name:plateNumber index:2 type:kotlin.String
  VALUE_PARAMETER name:rating index:3 type:kotlin.Double
  VALUE_PARAMETER name:vehicleType index:4 type:kotlin.String
  VALUE_PARAMETER name:etaMinutes index:5 type:kotlin.Int
  VALUE_PARAMETER name:onClick index:6 type:kotlin.Function0<kotlin.Unit>
  VALUE_PARAMETER name:modifier index:7 type:androidx.compose.ui.Modifier
    EXPRESSION_BODY
      ERROR_EXPR 'Default Stub' type=androidx.compose.ui.Modifier
  BLOCK_BODY
    CALL 'public final fun Card$default (onClick: kotlin.Function0<kotlin.Unit>, modifier: androidx.compose.ui.Modifier?, enabled: kotlin.Boolean, shape: androidx.compose.ui.graphics.Shape?, colors: androidx.compose.material3.CardColors?, elevation: androidx.compose.material3.CardElevation?, border: androidx.compose.foundation.BorderStroke?, interactionSource: androidx.compose.foundation.interaction.MutableInteractionSource?, content: @[Composable] @[ExtensionFunctionType] kotlin.Function1<androidx.compose.foundation.layout.ColumnScope, kotlin.Unit>, $mask0: kotlin.Int, $handler: kotlin.Any?): kotlin.Unit declared in androidx.compose.material3.CardKt' type=kotlin.Unit origin=DEFAULT_DISPATCH_CALL
      onClick: GET_VAR 'onClick: kotlin.Function0<kotlin.Unit> declared in com.vito.core.ui.components.DriverCardKt.DriverCard' type=kotlin.Function0<kotlin.Unit> origin=null
      modifier: GET_VAR 'modifier: androidx.compose.ui.Modifier declared in com.vito.core.ui.components.DriverCardKt.DriverCard' type=androidx.compose.ui.Modifier origin=null
      enabled: COMPOSITE type=kotlin.Boolean origin=DEFAULT_VALUE
        CONST Boolean type=kotlin.Boolean value=false
      shape: COMPOSITE type=androidx.compose.ui.graphics.Shape? origin=DEFAULT_VALUE
        CONST Null type=androidx.compose.ui.graphics.Shape? value=null
      colors: COMPOSITE type=androidx.compose.material3.CardColors? origin=DEFAULT_VALUE
        CONST Null type=androidx.compose.material3.CardColors? value=null
      elevation: COMPOSITE type=androidx.compose.material3.CardElevation? origin=DEFAULT_VALUE
        CONST Null type=androidx.compose.material3.CardElevation? value=null
      border: COMPOSITE type=androidx.compose.foundation.BorderStroke? origin=DEFAULT_VALUE
        CONST Null type=androidx.compose.foundation.BorderStroke? value=null
      interactionSource: COMPOSITE type=androidx.compose.foundation.interaction.MutableInteractionSource? origin=DEFAULT_VALUE
        CONST Null type=androidx.compose.foundation.interaction.MutableInteractionSource? value=null
      content: BLOCK type=com.vito.core.ui.components.DriverCardKt.DriverCard.<no name provided> origin=null
        CLASS LAMBDA_IMPL CLASS name:<no name provided> modality:FINAL visibility:public/*package*/ superTypes:[kotlin.jvm.internal.Lambda; kotlin.Function1<androidx.compose.foundation.layout.ColumnScope, kotlin.Unit>]
          $this: VALUE_PARAMETER INSTANCE_RECEIVER name:<this> type:com.vito.core.ui.components.DriverCardKt.DriverCard.<no name provided>
          CONSTRUCTOR GENERATED_MEMBER_IN_CALLABLE_REFERENCE visibility:public/*package*/ <> ($name:kotlin.String, $vehicleType:kotlin.String, $plateNumber:kotlin.String, $rating:kotlin.Double, $etaMinutes:kotlin.Int) returnType:com.vito.core.ui.components.DriverCardKt.DriverCard.<no name provided> [primary]
            VALUE_PARAMETER BOUND_VALUE_PARAMETER name:$name index:0 type:kotlin.String
            VALUE_PARAMETER BOUND_VALUE_PARAMETER name:$vehicleType index:1 type:kotlin.String
            VALUE_PARAMETER BOUND_VALUE_PARAMETER name:$plateNumber index:2 type:kotlin.String
            VALUE_PARAMETER BOUND_VALUE_PARAMETER name:$rating index:3 type:kotlin.Double
            VALUE_PARAMETER BOUND_VALUE_PARAMETER name:$etaMinutes index:4 type:kotlin.Int
            BLOCK_BODY
              SET_FIELD 'FIELD FIELD_FOR_CAPTURED_VALUE name:$name type:kotlin.String visibility:public/*package*/ [final]' type=kotlin.Unit origin=INITIALIZER_OF_FIELD_FOR_CAPTURED_VALUE
                receiver: GET_VAR '<this>: com.vito.core.ui.components.DriverCardKt.DriverCard.<no name provided> declared in com.vito.core.ui.components.DriverCardKt.DriverCard.<no name provided>' type=com.vito.core.ui.components.DriverCardKt.DriverCard.<no name provided> origin=null
                value: GET_VAR '$name: kotlin.String declared in com.vito.core.ui.components.DriverCardKt.DriverCard.<no name provided>.<init>' type=kotlin.String origin=null
              SET_FIELD 'FIELD FIELD_FOR_CAPTURED_VALUE name:$vehicleType type:kotlin.String visibility:public/*package*/ [final]' type=kotlin.Unit origin=INITIALIZER_OF_FIELD_FOR_CAPTURED_VALUE
                receiver: GET_VAR '<this>: com.vito.core.ui.components.DriverCardKt.DriverCard.<no name provided> declared in com.vito.core.ui.components.DriverCardKt.DriverCard.<no name provided>' type=com.vito.core.ui.components.DriverCardKt.DriverCard.<no name provided> origin=null
                value: GET_VAR '$vehicleType: kotlin.String declared in com.vito.core.ui.components.DriverCardKt.DriverCard.<no name provided>.<init>' type=kotlin.String origin=null
              SET_FIELD 'FIELD FIELD_FOR_CAPTURED_VALUE name:$plateNumber type:kotlin.String visibility:public/*package*/ [final]' type=kotlin.Unit origin=INITIALIZER_OF_FIELD_FOR_CAPTURED_VALUE
                receiver: GET_VAR '<this>: com.vito.core.ui.components.DriverCardKt.DriverCard.<no name provided> declared in com.vito.core.ui.components.DriverCardKt.DriverCard.<no name provided>' type=com.vito.core.ui.components.DriverCardKt.DriverCard.<no name provided> origin=null
                value: GET_VAR '$plateNumber: kotlin.String declared in com.vito.core.ui.components.DriverCardKt.DriverCard.<no name provided>.<init>' type=kotlin.String origin=null
              SET_FIELD 'FIELD FIELD_FOR_CAPTURED_VALUE name:$rating type:kotlin.Double visibility:public/*package*/ [final]' type=kotlin.Unit origin=INITIALIZER_OF_FIELD_FOR_CAPTURED_VALUE
                receiver: GET_VAR '<this>: com.vito.core.ui.components.DriverCardKt.DriverCard.<no name provided> declared in com.vito.core.ui.components.DriverCardKt.DriverCard.<no name provided>' type=com.vito.core.ui.components.DriverCardKt.DriverCard.<no name provided> origin=null
                value: GET_VAR '$rating: kotlin.Double declared in com.vito.core.ui.components.DriverCardKt.DriverCard.<no name provided>.<init>' type=kotlin.Double origin=null
              SET_FIELD 'FIELD FIELD_FOR_CAPTURED_VALUE name:$etaMinutes type:kotlin.Int visibility:public/*package*/ [final]' type=kotlin.Unit origin=INITIALIZER_OF_FIELD_FOR_CAPTURED_VALUE
                receiver: GET_VAR '<this>: com.vito.core.ui.components.DriverCardKt.DriverCard.<no name provided> declared in com.vito.core.ui.components.DriverCardKt.DriverCard.<no name provided>' type=com.vito.core.ui.components.DriverCardKt.DriverCard.<no name provided> origin=null
                value: GET_VAR '$etaMinutes: kotlin.Int declared in com.vito.core.ui.components.DriverCardKt.DriverCard.<no name provided>.<init>' type=kotlin.Int origin=null
              DELEGATING_CONSTRUCTOR_CALL 'public constructor <init> (arity: kotlin.Int) declared in kotlin.jvm.internal.Lambda'
                arity: CONST Int type=kotlin.Int value=1
              BLOCK type=kotlin.Unit origin=null
          FUN name:invoke visibility:public modality:FINAL <> ($this:com.vito.core.ui.components.DriverCardKt.DriverCard.<no name provided>, $this$Card:androidx.compose.foundation.layout.ColumnScope) returnType:kotlin.Unit
            overridden:
              public abstract fun invoke (p1: P1 of kotlin.Function1): R of kotlin.Function1 [operator] declared in kotlin.Function1
            $this: VALUE_PARAMETER INSTANCE_RECEIVER name:<this> type:com.vito.core.ui.components.DriverCardKt.DriverCard.<no name provided>
            VALUE_PARAMETER name:$this$Card index:0 type:androidx.compose.foundation.layout.ColumnScope
            BLOCK_BODY
              CALL 'public final fun Row$default (modifier: androidx.compose.ui.Modifier?, horizontalArrangement: androidx.compose.foundation.layout.Arrangement.Horizontal?, verticalAlignment: androidx.compose.ui.Alignment.Vertical?, content: @[Composable] @[ExtensionFunctionType] kotlin.Function1<androidx.compose.foundation.layout.RowScope, kotlin.Unit>, $mask0: kotlin.Int, $handler: kotlin.Any?): kotlin.Unit [inline] declared in androidx.compose.foundation.layout.RowKt' type=kotlin.Unit origin=DEFAULT_DISPATCH_CALL
                modifier: CALL 'public final fun padding-3ABfNKs (all: androidx.compose.ui.unit.Dp): androidx.compose.ui.Modifier declared in androidx.compose.foundation.layout.PaddingKt' type=androidx.compose.ui.Modifier origin=null
                  $receiver: GET_FIELD 'FIELD FIELD_FOR_OBJECT_INSTANCE name:Companion type:androidx.compose.ui.Modifier.Companion visibility:public [final,static]' type=androidx.compose.ui.Modifier.Companion origin=null
                  all: CALL 'public final fun <get-dp> (): androidx.compose.ui.unit.Dp [inline] declared in androidx.compose.ui.unit.DpKt' type=androidx.compose.ui.unit.Dp origin=GET_PROPERTY
                    $receiver: CONST Int type=kotlin.Int value=12
                horizontalArrangement: CALL 'public final fun spacedBy-0680j_4 (space: androidx.compose.ui.unit.Dp): androidx.compose.foundation.layout.Arrangement.HorizontalOrVertical declared in androidx.compose.foundation.layout.Arrangement' type=androidx.compose.foundation.layout.Arrangement.HorizontalOrVertical origin=null
                  $this: GET_FIELD 'FIELD FIELD_FOR_OBJECT_INSTANCE name:INSTANCE type:androidx.compose.foundation.layout.Arrangement visibility:public [final,static]' type=androidx.compose.foundation.layout.Arrangement origin=null
                  space: CALL 'public final fun <get-dp> (): androidx.compose.ui.unit.Dp [inline] declared in androidx.compose.ui.unit.DpKt' type=androidx.compose.ui.unit.Dp origin=GET_PROPERTY
                    $receiver: CONST Int type=kotlin.Int value=12
                verticalAlignment: COMPOSITE type=androidx.compose.ui.Alignment.Vertical? origin=DEFAULT_VALUE
                  CONST Null type=androidx.compose.ui.Alignment.Vertical? value=null
                content: BLOCK type=@[ExtensionFunctionType] kotlin.Function1<androidx.compose.foundation.layout.RowScope, kotlin.Unit> origin=LAMBDA
                  COMPOSITE type=kotlin.Unit origin=null
                  FUNCTION_REFERENCE 'private final fun invoke$lambda$3 ($name: kotlin.String, $vehicleType: kotlin.String, $plateNumber: kotlin.String, $rating: kotlin.Double, $etaMinutes: kotlin.Int): kotlin.Unit declared in com.vito.core.ui.components.DriverCardKt.DriverCard.<no name provided>' type=@[ExtensionFunctionType] kotlin.Function1<androidx.compose.foundation.layout.RowScope, kotlin.Unit> origin=INLINE_LAMBDA reflectionTarget=null
                    $name: GET_FIELD 'FIELD FIELD_FOR_CAPTURED_VALUE name:$name type:kotlin.String visibility:public/*package*/ [final]' type=kotlin.String origin=null
                      receiver: GET_VAR '<this>: com.vito.core.ui.components.DriverCardKt.DriverCard.<no name provided> declared in com.vito.core.ui.components.DriverCardKt.DriverCard.<no name provided>.invoke' type=com.vito.core.ui.components.DriverCardKt.DriverCard.<no name provided> origin=null
                    $vehicleType: GET_FIELD 'FIELD FIELD_FOR_CAPTURED_VALUE name:$vehicleType type:kotlin.String visibility:public/*package*/ [final]' type=kotlin.String origin=null
                      receiver: GET_VAR '<this>: com.vito.core.ui.components.DriverCardKt.DriverCard.<no name provided> declared in com.vito.core.ui.components.DriverCardKt.DriverCard.<no name provided>.invoke' type=com.vito.core.ui.components.DriverCardKt.DriverCard.<no name provided> origin=null
                    $plateNumber: GET_FIELD 'FIELD FIELD_FOR_CAPTURED_VALUE name:$plateNumber type:kotlin.String visibility:public/*package*/ [final]' type=kotlin.String origin=null
                      receiver: GET_VAR '<this>: com.vito.core.ui.components.DriverCardKt.DriverCard.<no name provided> declared in com.vito.core.ui.components.DriverCardKt.DriverCard.<no name provided>.invoke' type=com.vito.core.ui.components.DriverCardKt.DriverCard.<no name provided> origin=null
                    $rating: GET_FIELD 'FIELD FIELD_FOR_CAPTURED_VALUE name:$rating type:kotlin.Double visibility:public/*package*/ [final]' type=kotlin.Double origin=null
                      receiver: GET_VAR '<this>: com.vito.core.ui.components.DriverCardKt.DriverCard.<no name provided> declared in com.vito.core.ui.components.DriverCardKt.DriverCard.<no name provided>.invoke' type=com.vito.core.ui.components.DriverCardKt.DriverCard.<no name provided> origin=null
                    $etaMinutes: GET_FIELD 'FIELD FIELD_FOR_CAPTURED_VALUE name:$etaMinutes type:kotlin.Int visibility:public/*package*/ [final]' type=kotlin.Int origin=null
                      receiver: GET_VAR '<this>: com.vito.core.ui.components.DriverCardKt.DriverCard.<no name provided> declared in com.vito.core.ui.components.DriverCardKt.DriverCard.<no name provided>.invoke' type=com.vito.core.ui.components.DriverCardKt.DriverCard.<no name provided> origin=null
                $mask0: CONST Int type=kotlin.Int value=4
                $handler: CONST Null type=kotlin.Any? value=null
          FIELD FIELD_FOR_CAPTURED_VALUE name:$name type:kotlin.String visibility:public/*package*/ [final]
          FIELD FIELD_FOR_CAPTURED_VALUE name:$vehicleType type:kotlin.String visibility:public/*package*/ [final]
          FIELD FIELD_FOR_CAPTURED_VALUE name:$plateNumber type:kotlin.String visibility:public/*package*/ [final]
          FIELD FIELD_FOR_CAPTURED_VALUE name:$rating type:kotlin.Double visibility:public/*package*/ [final]
          FIELD FIELD_FOR_CAPTURED_VALUE name:$etaMinutes type:kotlin.Int visibility:public/*package*/ [final]
          FUN INLINE_LAMBDA name:invoke$lambda$3$lambda$1$lambda$0 visibility:private modality:FINAL <> ($receiver:androidx.compose.foundation.layout.RowScope, $rating:kotlin.Double) returnType:kotlin.Unit
            $receiver: VALUE_PARAMETER name:$this$Row type:androidx.compose.foundation.layout.RowScope
            VALUE_PARAMETER BOUND_VALUE_PARAMETER name:$rating index:0 type:kotlin.Double
            BLOCK_BODY
              VAR name:$i$a$-Row$default-DriverCardKt$DriverCard$1$1$2$1 type:kotlin.Int [val]
                CONST Int type=kotlin.Int value=0
              BLOCK type=kotlin.Unit origin=ARGUMENTS_REORDERING_FOR_CALL
                VAR IR_TEMPORARY_VARIABLE name:tmp0_imageVector type:androidx.compose.ui.graphics.vector.ImageVector [val]
                  CALL 'public final fun <get-Star> (): androidx.compose.ui.graphics.vector.ImageVector declared in androidx.compose.material.icons.filled.StarKt' type=androidx.compose.ui.graphics.vector.ImageVector origin=GET_PROPERTY
                    $receiver: CALL 'public final fun <get-Default> (): androidx.compose.material.icons.Icons.Filled declared in androidx.compose.material.icons.Icons' type=androidx.compose.material.icons.Icons.Filled origin=GET_PROPERTY
                      $this: GET_FIELD 'FIELD FIELD_FOR_OBJECT_INSTANCE name:INSTANCE type:androidx.compose.material.icons.Icons visibility:public [final,static]' type=androidx.compose.material.icons.Icons origin=null
                VAR IR_TEMPORARY_VARIABLE name:tmp1_tint type:androidx.compose.ui.graphics.Color [val]
                  CALL 'public final fun Color (color: kotlin.Long): androidx.compose.ui.graphics.Color declared in androidx.compose.ui.graphics.ColorKt' type=androidx.compose.ui.graphics.Color origin=null
                    color: CONST Long type=kotlin.Long value=4294951175
                VAR IR_TEMPORARY_VARIABLE name:tmp2_modifier type:androidx.compose.ui.Modifier [val]
                  CALL 'public final fun size-3ABfNKs (size: androidx.compose.ui.unit.Dp): androidx.compose.ui.Modifier declared in androidx.compose.foundation.layout.SizeKt' type=androidx.compose.ui.Modifier origin=null
                    $receiver: GET_FIELD 'FIELD FIELD_FOR_OBJECT_INSTANCE name:Companion type:androidx.compose.ui.Modifier.Companion visibility:public [final,static]' type=androidx.compose.ui.Modifier.Companion origin=null
                    size: CALL 'public final fun <get-dp> (): androidx.compose.ui.unit.Dp [inline] declared in androidx.compose.ui.unit.DpKt' type=androidx.compose.ui.unit.Dp origin=GET_PROPERTY
                      $receiver: CONST Int type=kotlin.Int value=16
                CALL 'public final fun Icon-BG621w0 (imageVector: androidx.compose.ui.graphics.vector.ImageVector, contentDescription: kotlin.String?, modifier: androidx.compose.ui.Modifier, tint: androidx.compose.ui.graphics.Color): kotlin.Unit declared in androidx.compose.material3.IconKt' type=kotlin.Unit origin=null
                  imageVector: GET_VAR 'val tmp0_imageVector: androidx.compose.ui.graphics.vector.ImageVector [val] declared in com.vito.core.ui.components.DriverCardKt.DriverCard.<no name provided>.invoke$lambda$3$lambda$1$lambda$0' type=androidx.compose.ui.graphics.vector.ImageVector origin=null
                  contentDescription: CONST Null type=kotlin.Nothing? value=null
                  modifier: GET_VAR 'val tmp2_modifier: androidx.compose.ui.Modifier [val] declared in com.vito.core.ui.components.DriverCardKt.DriverCard.<no name provided>.invoke$lambda$3$lambda$1$lambda$0' type=androidx.compose.ui.Modifier origin=null
                  tint: GET_VAR 'val tmp1_tint: androidx.compose.ui.graphics.Color [val] declared in com.vito.core.ui.components.DriverCardKt.DriverCard.<no name provided>.invoke$lambda$3$lambda$1$lambda$0' type=androidx.compose.ui.graphics.Color origin=null
              CALL 'public final fun Text-80ic1_w$default (text: kotlin.String, modifier: androidx.compose.ui.Modifier?, color: androidx.compose.ui.graphics.Color, fontSize: androidx.compose.ui.unit.TextUnit, fontStyle: androidx.compose.ui.text.font.FontStyle?, fontWeight: androidx.compose.ui.text.font.FontWeight?, fontFamily: androidx.compose.ui.text.font.FontFamily?, letterSpacing: androidx.compose.ui.unit.TextUnit, textDecoration: androidx.compose.ui.text.style.TextDecoration?, textAlign: androidx.compose.ui.text.style.TextAlign?, lineHeight: androidx.compose.ui.unit.TextUnit, overflow: androidx.compose.ui.text.style.TextOverflow, softWrap: kotlin.Boolean, maxLines: kotlin.Int, minLines: kotlin.Int, onTextLayout: kotlin.Function1<androidx.compose.ui.text.TextLayoutResult, kotlin.Unit>?, style: androidx.compose.ui.text.TextStyle?, $mask0: kotlin.Int, $handler: kotlin.Any?): kotlin.Unit declared in androidx.compose.material3.TextKt' type=kotlin.Unit origin=DEFAULT_DISPATCH_CALL
                text: CALL 'public final fun format (format: kotlin.String, vararg args: kotlin.Any?): kotlin.String [inline] declared in kotlin.text.StringsKt' type=kotlin.String origin=null
                  $receiver: GET_FIELD 'FIELD FIELD_FOR_OBJECT_INSTANCE name:INSTANCE type:kotlin.String.Companion visibility:public [final,static]' type=kotlin.String.Companion origin=null
                  format: CONST String type=kotlin.String value="%.1f"
                  args: BLOCK type=kotlin.Array<out kotlin.Any?> origin=null
                    VAR IR_TEMPORARY_VARIABLE name:tmp0 type:kotlin.Array<out kotlin.Any?> [val]
                      CALL 'public final fun arrayOfNulls <T> (size: kotlin.Int): kotlin.Array<T of kotlin.arrayOfNulls?> declared in kotlin' type=kotlin.Array<out kotlin.Any?> origin=null
                        <T>: kotlin.Any?
                        size: CONST Int type=kotlin.Int value=1
                    CALL 'public final fun set (index: kotlin.Int, value: T of kotlin.Array): kotlin.Unit [operator] declared in kotlin.Array' type=kotlin.Unit origin=null
                      $this: GET_VAR 'val tmp0: kotlin.Array<out kotlin.Any?> [val] declared in com.vito.core.ui.components.DriverCardKt.DriverCard.<no name provided>.invoke$lambda$3$lambda$1$lambda$0' type=kotlin.Array<out kotlin.Any?> origin=null
                      index: CONST Int type=kotlin.Int value=0
                      value: GET_VAR '$rating: kotlin.Double declared in com.vito.core.ui.components.DriverCardKt.DriverCard.<no name provided>.invoke$lambda$3$lambda$1$lambda$0' type=kotlin.Double origin=null
                    GET_VAR 'val tmp0: kotlin.Array<out kotlin.Any?> [val] declared in com.vito.core.ui.components.DriverCardKt.DriverCard.<no name provided>.invoke$lambda$3$lambda$1$lambda$0' type=kotlin.Array<out kotlin.Any?> origin=null
                modifier: COMPOSITE type=androidx.compose.ui.Modifier? origin=DEFAULT_VALUE
                  CONST Null type=androidx.compose.ui.Modifier? value=null
                color: COMPOSITE type=androidx.compose.ui.graphics.Color origin=DEFAULT_VALUE
                  CALL 'public final fun <unsafe-coerce> <T, R> (v: T of kotlin.jvm.internal.<unsafe-coerce>): R of kotlin.jvm.internal.<unsafe-coerce> declared in kotlin.jvm.internal' type=androidx.compose.ui.graphics.Color origin=null
                    <T>: kotlin.Long
                    <R>: androidx.compose.ui.graphics.Color
                    v: CONST Long type=kotlin.Long value=0
                fontSize: COMPOSITE type=androidx.compose.ui.unit.TextUnit origin=DEFAULT_VALUE
                  CALL 'public final fun <unsafe-coerce> <T, R> (v: T of kotlin.jvm.internal.<unsafe-coerce>): R of kotlin.jvm.internal.<unsafe-coerce> declared in kotlin.jvm.internal' type=androidx.compose.ui.unit.TextUnit origin=null
                    <T>: kotlin.Long
                    <R>: androidx.compose.ui.unit.TextUnit
                    v: CONST Long type=kotlin.Long value=0
                fontStyle: COMPOSITE type=androidx.compose.ui.text.font.FontStyle? origin=DEFAULT_VALUE
                  CONST Null type=androidx.compose.ui.text.font.FontStyle? value=null
                fontWeight: COMPOSITE type=androidx.compose.ui.text.font.FontWeight? origin=DEFAULT_VALUE
                  CONST Null type=androidx.compose.ui.text.font.FontWeight? value=null
                fontFamily: COMPOSITE type=androidx.compose.ui.text.font.FontFamily? origin=DEFAULT_VALUE
                  CONST Null type=androidx.compose.ui.text.font.FontFamily? value=null
                letterSpacing: COMPOSITE type=androidx.compose.ui.unit.TextUnit origin=DEFAULT_VALUE
                  CALL 'public final fun <unsafe-coerce> <T, R> (v: T of kotlin.jvm.internal.<unsafe-coerce>): R of kotlin.jvm.internal.<unsafe-coerce> declared in kotlin.jvm.internal' type=androidx.compose.ui.unit.TextUnit origin=null
                    <T>: kotlin.Long
                    <R>: androidx.compose.ui.unit.TextUnit
                    v: CONST Long type=kotlin.Long value=0
                textDecoration: COMPOSITE type=androidx.compose.ui.text.style.TextDecoration? origin=DEFAULT_VALUE
                  CONST Null type=androidx.compose.ui.text.style.TextDecoration? value=null
                textAlign: COMPOSITE type=androidx.compose.ui.text.style.TextAlign? origin=DEFAULT_VALUE
                  CONST Null type=androidx.compose.ui.text.style.TextAlign? value=null
                lineHeight: COMPOSITE type=androidx.compose.ui.unit.TextUnit origin=DEFAULT_VALUE
                  CALL 'public final fun <unsafe-coerce> <T, R> (v: T of kotlin.jvm.internal.<unsafe-coerce>): R of kotlin.jvm.internal.<unsafe-coerce> declared in kotlin.jvm.internal' type=androidx.compose.ui.unit.TextUnit origin=null
                    <T>: kotlin.Long
                    <R>: androidx.compose.ui.unit.TextUnit
                    v: CONST Long type=kotlin.Long value=0
                overflow: COMPOSITE type=androidx.compose.ui.text.style.TextOverflow origin=DEFAULT_VALUE
                  CALL 'public final fun <unsafe-coerce> <T, R> (v: T of kotlin.jvm.internal.<unsafe-coerce>): R of kotlin.jvm.internal.<unsafe-coerce> declared in kotlin.jvm.internal' type=androidx.compose.ui.text.style.TextOverflow origin=null
                    <T>: kotlin.Int
                    <R>: androidx.compose.ui.text.style.TextOverflow
                    v: CONST Int type=kotlin.Int value=0
                softWrap: COMPOSITE type=kotlin.Boolean origin=DEFAULT_VALUE
                  CONST Boolean type=kotlin.Boolean value=false
                maxLines: COMPOSITE type=kotlin.Int origin=DEFAULT_VALUE
                  CONST Int type=kotlin.Int value=0
                minLines: COMPOSITE type=kotlin.Int origin=DEFAULT_VALUE
                  CONST Int type=kotlin.Int value=0
                onTextLayout: COMPOSITE type=kotlin.Function1<androidx.compose.ui.text.TextLayoutResult, kotlin.Unit>? origin=DEFAULT_VALUE
                  CONST Null type=kotlin.Function1<androidx.compose.ui.text.TextLayoutResult, kotlin.Unit>? value=null
                style: CALL 'public final fun <get-bodySmall> (): androidx.compose.ui.text.TextStyle declared in androidx.compose.material3.Typography' type=androidx.compose.ui.text.TextStyle origin=GET_PROPERTY
                  $this: CALL 'public final fun <get-typography> (): androidx.compose.material3.Typography declared in androidx.compose.material3.MaterialTheme' type=androidx.compose.material3.Typography origin=GET_PROPERTY
                    $this: GET_FIELD 'FIELD FIELD_FOR_OBJECT_INSTANCE name:INSTANCE type:androidx.compose.material3.MaterialTheme visibility:public [final,static]' type=androidx.compose.material3.MaterialTheme origin=null
                $mask0: CONST Int type=kotlin.Int value=65534
                $handler: CONST Null type=kotlin.Any? value=null
          FUN INLINE_LAMBDA name:invoke$lambda$3$lambda$1 visibility:private modality:FINAL <> ($receiver:androidx.compose.foundation.layout.ColumnScope, $name:kotlin.String, $vehicleType:kotlin.String, $plateNumber:kotlin.String, $rating:kotlin.Double) returnType:kotlin.Unit
            $receiver: VALUE_PARAMETER name:$this$Column type:androidx.compose.foundation.layout.ColumnScope
            VALUE_PARAMETER BOUND_VALUE_PARAMETER name:$name index:0 type:kotlin.String
            VALUE_PARAMETER BOUND_VALUE_PARAMETER name:$vehicleType index:1 type:kotlin.String
            VALUE_PARAMETER BOUND_VALUE_PARAMETER name:$plateNumber index:2 type:kotlin.String
            VALUE_PARAMETER BOUND_VALUE_PARAMETER name:$rating index:3 type:kotlin.Double
            BLOCK_BODY
              VAR name:$i$a$-Column$default-DriverCardKt$DriverCard$1$1$2 type:kotlin.Int [val]
                CONST Int type=kotlin.Int value=0
              CALL 'public final fun Text-80ic1_w$default (text: kotlin.String, modifier: androidx.compose.ui.Modifier?, color: androidx.compose.ui.graphics.Color, fontSize: androidx.compose.ui.unit.TextUnit, fontStyle: androidx.compose.ui.text.font.FontStyle?, fontWeight: androidx.compose.ui.text.font.FontWeight?, fontFamily: androidx.compose.ui.text.font.FontFamily?, letterSpacing: androidx.compose.ui.unit.TextUnit, textDecoration: androidx.compose.ui.text.style.TextDecoration?, textAlign: androidx.compose.ui.text.style.TextAlign?, lineHeight: androidx.compose.ui.unit.TextUnit, overflow: androidx.compose.ui.text.style.TextOverflow, softWrap: kotlin.Boolean, maxLines: kotlin.Int, minLines: kotlin.Int, onTextLayout: kotlin.Function1<androidx.compose.ui.text.TextLayoutResult, kotlin.Unit>?, style: androidx.compose.ui.text.TextStyle?, $mask0: kotlin.Int, $handler: kotlin.Any?): kotlin.Unit declared in androidx.compose.material3.TextKt' type=kotlin.Unit origin=DEFAULT_DISPATCH_CALL
                text: GET_VAR '$name: kotlin.String declared in com.vito.core.ui.components.DriverCardKt.DriverCard.<no name provided>.invoke$lambda$3$lambda$1' type=kotlin.String origin=null
                modifier: COMPOSITE type=androidx.compose.ui.Modifier? origin=DEFAULT_VALUE
                  CONST Null type=androidx.compose.ui.Modifier? value=null
                color: COMPOSITE type=androidx.compose.ui.graphics.Color origin=DEFAULT_VALUE
                  CALL 'public final fun <unsafe-coerce> <T, R> (v: T of kotlin.jvm.internal.<unsafe-coerce>): R of kotlin.jvm.internal.<unsafe-coerce> declared in kotlin.jvm.internal' type=androidx.compose.ui.graphics.Color origin=null
                    <T>: kotlin.Long
                    <R>: androidx.compose.ui.graphics.Color
                    v: CONST Long type=kotlin.Long value=0
                fontSize: COMPOSITE type=androidx.compose.ui.unit.TextUnit origin=DEFAULT_VALUE
                  CALL 'public final fun <unsafe-coerce> <T, R> (v: T of kotlin.jvm.internal.<unsafe-coerce>): R of kotlin.jvm.internal.<unsafe-coerce> declared in kotlin.jvm.internal' type=androidx.compose.ui.unit.TextUnit origin=null
                    <T>: kotlin.Long
                    <R>: androidx.compose.ui.unit.TextUnit
                    v: CONST Long type=kotlin.Long value=0
                fontStyle: COMPOSITE type=androidx.compose.ui.text.font.FontStyle? origin=DEFAULT_VALUE
                  CONST Null type=androidx.compose.ui.text.font.FontStyle? value=null
                fontWeight: COMPOSITE type=androidx.compose.ui.text.font.FontWeight? origin=DEFAULT_VALUE
                  CONST Null type=androidx.compose.ui.text.font.FontWeight? value=null
                fontFamily: COMPOSITE type=androidx.compose.ui.text.font.FontFamily? origin=DEFAULT_VALUE
                  CONST Null type=androidx.compose.ui.text.font.FontFamily? value=null
                letterSpacing: COMPOSITE type=androidx.compose.ui.unit.TextUnit origin=DEFAULT_VALUE
                  CALL 'public final fun <unsafe-coerce> <T, R> (v: T of kotlin.jvm.internal.<unsafe-coerce>): R of kotlin.jvm.internal.<unsafe-coerce> declared in kotlin.jvm.internal' type=androidx.compose.ui.unit.TextUnit origin=null
                    <T>: kotlin.Long
                    <R>: androidx.compose.ui.unit.TextUnit
                    v: CONST Long type=kotlin.Long value=0
                textDecoration: COMPOSITE type=androidx.compose.ui.text.style.TextDecoration? origin=DEFAULT_VALUE
                  CONST Null type=androidx.compose.ui.text.style.TextDecoration? value=null
                textAlign: COMPOSITE type=androidx.compose.ui.text.style.TextAlign? origin=DEFAULT_VALUE
                  CONST Null type=androidx.compose.ui.text.style.TextAlign? value=null
                lineHeight: COMPOSITE type=androidx.compose.ui.unit.TextUnit origin=DEFAULT_VALUE
                  CALL 'public final fun <unsafe-coerce> <T, R> (v: T of kotlin.jvm.internal.<unsafe-coerce>): R of kotlin.jvm.internal.<unsafe-coerce> declared in kotlin.jvm.internal' type=androidx.compose.ui.unit.TextUnit origin=null
                    <T>: kotlin.Long
                    <R>: androidx.compose.ui.unit.TextUnit
                    v: CONST Long type=kotlin.Long value=0
                overflow: COMPOSITE type=androidx.compose.ui.text.style.TextOverflow origin=DEFAULT_VALUE
                  CALL 'public final fun <unsafe-coerce> <T, R> (v: T of kotlin.jvm.internal.<unsafe-coerce>): R of kotlin.jvm.internal.<unsafe-coerce> declared in kotlin.jvm.internal' type=androidx.compose.ui.text.style.TextOverflow origin=null
                    <T>: kotlin.Int
                    <R>: androidx.compose.ui.text.style.TextOverflow
                    v: CONST Int type=kotlin.Int value=0
                softWrap: COMPOSITE type=kotlin.Boolean origin=DEFAULT_VALUE
                  CONST Boolean type=kotlin.Boolean value=false
                maxLines: COMPOSITE type=kotlin.Int origin=DEFAULT_VALUE
                  CONST Int type=kotlin.Int value=0
                minLines: COMPOSITE type=kotlin.Int origin=DEFAULT_VALUE
                  CONST Int type=kotlin.Int value=0
                onTextLayout: COMPOSITE type=kotlin.Function1<androidx.compose.ui.text.TextLayoutResult, kotlin.Unit>? origin=DEFAULT_VALUE
                  CONST Null type=kotlin.Function1<androidx.compose.ui.text.TextLayoutResult, kotlin.Unit>? value=null
                style: CALL 'public final fun <get-titleMedium> (): androidx.compose.ui.text.TextStyle declared in androidx.compose.material3.Typography' type=androidx.compose.ui.text.TextStyle origin=GET_PROPERTY
                  $this: CALL 'public final fun <get-typography> (): androidx.compose.material3.Typography declared in androidx.compose.material3.MaterialTheme' type=androidx.compose.material3.Typography origin=GET_PROPERTY
                    $this: GET_FIELD 'FIELD FIELD_FOR_OBJECT_INSTANCE name:INSTANCE type:androidx.compose.material3.MaterialTheme visibility:public [final,static]' type=androidx.compose.material3.MaterialTheme origin=null
                $mask0: CONST Int type=kotlin.Int value=65534
                $handler: CONST Null type=kotlin.Any? value=null
              BLOCK type=kotlin.Unit origin=ARGUMENTS_REORDERING_FOR_CALL
                VAR IR_TEMPORARY_VARIABLE name:tmp0_text type:kotlin.String [val]
                  STRING_CONCATENATION type=kotlin.String
                    GET_VAR '$vehicleType: kotlin.String declared in com.vito.core.ui.components.DriverCardKt.DriverCard.<no name provided>.invoke$lambda$3$lambda$1' type=kotlin.String origin=null
                    CONST String type=kotlin.String value=" • "
                    GET_VAR '$plateNumber: kotlin.String declared in com.vito.core.ui.components.DriverCardKt.DriverCard.<no name provided>.invoke$lambda$3$lambda$1' type=kotlin.String origin=null
                VAR IR_TEMPORARY_VARIABLE name:tmp1_style type:androidx.compose.ui.text.TextStyle [val]
                  CALL 'public final fun <get-bodySmall> (): androidx.compose.ui.text.TextStyle declared in androidx.compose.material3.Typography' type=androidx.compose.ui.text.TextStyle origin=GET_PROPERTY
                    $this: CALL 'public final fun <get-typography> (): androidx.compose.material3.Typography declared in androidx.compose.material3.MaterialTheme' type=androidx.compose.material3.Typography origin=GET_PROPERTY
                      $this: GET_FIELD 'FIELD FIELD_FOR_OBJECT_INSTANCE name:INSTANCE type:androidx.compose.material3.MaterialTheme visibility:public [final,static]' type=androidx.compose.material3.MaterialTheme origin=null
                VAR IR_TEMPORARY_VARIABLE name:tmp2_color type:androidx.compose.ui.graphics.Color [val]
                  CALL 'public final fun getGray-0d7_KjU (): androidx.compose.ui.graphics.Color declared in androidx.compose.ui.graphics.Color.Companion' type=androidx.compose.ui.graphics.Color origin=GET_PROPERTY
                    $this: GET_FIELD 'FIELD FIELD_FOR_OBJECT_INSTANCE name:Companion type:androidx.compose.ui.graphics.Color.Companion visibility:public [final,static]' type=androidx.compose.ui.graphics.Color.Companion origin=null
                CALL 'public final fun Text-80ic1_w$default (text: kotlin.String, modifier: androidx.compose.ui.Modifier?, color: androidx.compose.ui.graphics.Color, fontSize: androidx.compose.ui.unit.TextUnit, fontStyle: androidx.compose.ui.text.font.FontStyle?, fontWeight: androidx.compose.ui.text.font.FontWeight?, fontFamily: androidx.compose.ui.text.font.FontFamily?, letterSpacing: androidx.compose.ui.unit.TextUnit, textDecoration: androidx.compose.ui.text.style.TextDecoration?, textAlign: androidx.compose.ui.text.style.TextAlign?, lineHeight: androidx.compose.ui.unit.TextUnit, overflow: androidx.compose.ui.text.style.TextOverflow, softWrap: kotlin.Boolean, maxLines: kotlin.Int, minLines: kotlin.Int, onTextLayout: kotlin.Function1<androidx.compose.ui.text.TextLayoutResult, kotlin.Unit>?, style: androidx.compose.ui.text.TextStyle?, $mask0: kotlin.Int, $handler: kotlin.Any?): kotlin.Unit declared in androidx.compose.material3.TextKt' type=kotlin.Unit origin=DEFAULT_DISPATCH_CALL
                  text: GET_VAR 'val tmp0_text: kotlin.String [val] declared in com.vito.core.ui.components.DriverCardKt.DriverCard.<no name provided>.invoke$lambda$3$lambda$1' type=kotlin.String origin=null
                  modifier: COMPOSITE type=androidx.compose.ui.Modifier? origin=DEFAULT_VALUE
                    CONST Null type=androidx.compose.ui.Modifier? value=null
                  color: GET_VAR 'val tmp2_color: androidx.compose.ui.graphics.Color [val] declared in com.vito.core.ui.components.DriverCardKt.DriverCard.<no name provided>.invoke$lambda$3$lambda$1' type=androidx.compose.ui.graphics.Color origin=null
                  fontSize: COMPOSITE type=androidx.compose.ui.unit.TextUnit origin=DEFAULT_VALUE
                    CALL 'public final fun <unsafe-coerce> <T, R> (v: T of kotlin.jvm.internal.<unsafe-coerce>): R of kotlin.jvm.internal.<unsafe-coerce> declared in kotlin.jvm.internal' type=androidx.compose.ui.unit.TextUnit origin=null
                      <T>: kotlin.Long
                      <R>: androidx.compose.ui.unit.TextUnit
                      v: CONST Long type=kotlin.Long value=0
                  fontStyle: COMPOSITE type=androidx.compose.ui.text.font.FontStyle? origin=DEFAULT_VALUE
                    CONST Null type=androidx.compose.ui.text.font.FontStyle? value=null
                  fontWeight: COMPOSITE type=androidx.compose.ui.text.font.FontWeight? origin=DEFAULT_VALUE
                    CONST Null type=androidx.compose.ui.text.font.FontWeight? value=null
                  fontFamily: COMPOSITE type=androidx.compose.ui.text.font.FontFamily? origin=DEFAULT_VALUE
                    CONST Null type=androidx.compose.ui.text.font.FontFamily? value=null
                  letterSpacing: COMPOSITE type=androidx.compose.ui.unit.TextUnit origin=DEFAULT_VALUE
                    CALL 'public final fun <unsafe-coerce> <T, R> (v: T of kotlin.jvm.internal.<unsafe-coerce>): R of kotlin.jvm.internal.<unsafe-coerce> declared in kotlin.jvm.internal' type=androidx.compose.ui.unit.TextUnit origin=null
                      <T>: kotlin.Long
                      <R>: androidx.compose.ui.unit.TextUnit
                      v: CONST Long type=kotlin.Long value=0
                  textDecoration: COMPOSITE type=androidx.compose.ui.text.style.TextDecoration? origin=DEFAULT_VALUE
                    CONST Null type=androidx.compose.ui.text.style.TextDecoration? value=null
                  textAlign: COMPOSITE type=androidx.compose.ui.text.style.TextAlign? origin=DEFAULT_VALUE
                    CONST Null type=androidx.compose.ui.text.style.TextAlign? value=null
                  lineHeight: COMPOSITE type=androidx.compose.ui.unit.TextUnit origin=DEFAULT_VALUE
                    CALL 'public final fun <unsafe-coerce> <T, R> (v: T of kotlin.jvm.internal.<unsafe-coerce>): R of kotlin.jvm.internal.<unsafe-coerce> declared in kotlin.jvm.internal' type=androidx.compose.ui.unit.TextUnit origin=null
                      <T>: kotlin.Long
                      <R>: androidx.compose.ui.unit.TextUnit
                      v: CONST Long type=kotlin.Long value=0
                  overflow: COMPOSITE type=androidx.compose.ui.text.style.TextOverflow origin=DEFAULT_VALUE
                    CALL 'public final fun <unsafe-coerce> <T, R> (v: T of kotlin.jvm.internal.<unsafe-coerce>): R of kotlin.jvm.internal.<unsafe-coerce> declared in kotlin.jvm.internal' type=androidx.compose.ui.text.style.TextOverflow origin=null
                      <T>: kotlin.Int
                      <R>: androidx.compose.ui.text.style.TextOverflow
                      v: CONST Int type=kotlin.Int value=0
                  softWrap: COMPOSITE type=kotlin.Boolean origin=DEFAULT_VALUE
                    CONST Boolean type=kotlin.Boolean value=false
                  maxLines: COMPOSITE type=kotlin.Int origin=DEFAULT_VALUE
                    CONST Int type=kotlin.Int value=0
                  minLines: COMPOSITE type=kotlin.Int origin=DEFAULT_VALUE
                    CONST Int type=kotlin.Int value=0
                  onTextLayout: COMPOSITE type=kotlin.Function1<androidx.compose.ui.text.TextLayoutResult, kotlin.Unit>? origin=DEFAULT_VALUE
                    CONST Null type=kotlin.Function1<androidx.compose.ui.text.TextLayoutResult, kotlin.Unit>? value=null
                  style: GET_VAR 'val tmp1_style: androidx.compose.ui.text.TextStyle [val] declared in com.vito.core.ui.components.DriverCardKt.DriverCard.<no name provided>.invoke$lambda$3$lambda$1' type=androidx.compose.ui.text.TextStyle origin=null
                  $mask0: CONST Int type=kotlin.Int value=65530
                  $handler: CONST Null type=kotlin.Any? value=null
              CALL 'public final fun Row$default (modifier: androidx.compose.ui.Modifier?, horizontalArrangement: androidx.compose.foundation.layout.Arrangement.Horizontal?, verticalAlignment: androidx.compose.ui.Alignment.Vertical?, content: @[Composable] @[ExtensionFunctionType] kotlin.Function1<androidx.compose.foundation.layout.RowScope, kotlin.Unit>, $mask0: kotlin.Int, $handler: kotlin.Any?): kotlin.Unit [inline] declared in androidx.compose.foundation.layout.RowKt' type=kotlin.Unit origin=DEFAULT_DISPATCH_CALL
                modifier: COMPOSITE type=androidx.compose.ui.Modifier? origin=DEFAULT_VALUE
                  CONST Null type=androidx.compose.ui.Modifier? value=null
                horizontalArrangement: CALL 'public final fun spacedBy-0680j_4 (space: androidx.compose.ui.unit.Dp): androidx.compose.foundation.layout.Arrangement.HorizontalOrVertical declared in androidx.compose.foundation.layout.Arrangement' type=androidx.compose.foundation.layout.Arrangement.HorizontalOrVertical origin=null
                  $this: GET_FIELD 'FIELD FIELD_FOR_OBJECT_INSTANCE name:INSTANCE type:androidx.compose.foundation.layout.Arrangement visibility:public [final,static]' type=androidx.compose.foundation.layout.Arrangement origin=null
                  space: CALL 'public final fun <get-dp> (): androidx.compose.ui.unit.Dp [inline] declared in androidx.compose.ui.unit.DpKt' type=androidx.compose.ui.unit.Dp origin=GET_PROPERTY
                    $receiver: CONST Int type=kotlin.Int value=4
                verticalAlignment: CALL 'public final fun <get-CenterVertically> (): androidx.compose.ui.Alignment.Vertical declared in androidx.compose.ui.Alignment.Companion' type=androidx.compose.ui.Alignment.Vertical origin=GET_PROPERTY
                  $this: GET_FIELD 'FIELD FIELD_FOR_OBJECT_INSTANCE name:Companion type:androidx.compose.ui.Alignment.Companion visibility:public [final,static]' type=androidx.compose.ui.Alignment.Companion origin=null
                content: BLOCK type=@[ExtensionFunctionType] kotlin.Function1<androidx.compose.foundation.layout.RowScope, kotlin.Unit> origin=LAMBDA
                  COMPOSITE type=kotlin.Unit origin=null
                  FUNCTION_REFERENCE 'private final fun invoke$lambda$3$lambda$1$lambda$0 ($rating: kotlin.Double): kotlin.Unit declared in com.vito.core.ui.components.DriverCardKt.DriverCard.<no name provided>' type=@[ExtensionFunctionType] kotlin.Function1<androidx.compose.foundation.layout.RowScope, kotlin.Unit> origin=INLINE_LAMBDA reflectionTarget=null
                    $rating: GET_VAR '$rating: kotlin.Double declared in com.vito.core.ui.components.DriverCardKt.DriverCard.<no name provided>.invoke$lambda$3$lambda$1' type=kotlin.Double origin=null
                $mask0: CONST Int type=kotlin.Int value=1
                $handler: CONST Null type=kotlin.Any? value=null
          FUN INLINE_LAMBDA name:invoke$lambda$3$lambda$2 visibility:private modality:FINAL <> ($receiver:androidx.compose.foundation.layout.ColumnScope, $etaMinutes:kotlin.Int) returnType:kotlin.Unit
            $receiver: VALUE_PARAMETER name:$this$Column type:androidx.compose.foundation.layout.ColumnScope
            VALUE_PARAMETER BOUND_VALUE_PARAMETER name:$etaMinutes index:0 type:kotlin.Int
            BLOCK_BODY
              VAR name:$i$a$-Column$default-DriverCardKt$DriverCard$1$1$3 type:kotlin.Int [val]
                CONST Int type=kotlin.Int value=0
              BLOCK type=kotlin.Unit origin=ARGUMENTS_REORDERING_FOR_CALL
                VAR IR_TEMPORARY_VARIABLE name:tmp0_text type:kotlin.String [val]
                  STRING_CONCATENATION type=kotlin.String
                    GET_VAR '$etaMinutes: kotlin.Int declared in com.vito.core.ui.components.DriverCardKt.DriverCard.<no name provided>.invoke$lambda$3$lambda$2' type=kotlin.Int origin=null
                    CONST String type=kotlin.String value=" min"
                VAR IR_TEMPORARY_VARIABLE name:tmp1_style type:androidx.compose.ui.text.TextStyle [val]
                  CALL 'public final fun <get-titleMedium> (): androidx.compose.ui.text.TextStyle declared in androidx.compose.material3.Typography' type=androidx.compose.ui.text.TextStyle origin=GET_PROPERTY
                    $this: CALL 'public final fun <get-typography> (): androidx.compose.material3.Typography declared in androidx.compose.material3.MaterialTheme' type=androidx.compose.material3.Typography origin=GET_PROPERTY
                      $this: GET_FIELD 'FIELD FIELD_FOR_OBJECT_INSTANCE name:INSTANCE type:androidx.compose.material3.MaterialTheme visibility:public [final,static]' type=androidx.compose.material3.MaterialTheme origin=null
                VAR IR_TEMPORARY_VARIABLE name:tmp2_color type:androidx.compose.ui.graphics.Color [val]
                  CALL 'public final fun Color (color: kotlin.Long): androidx.compose.ui.graphics.Color declared in androidx.compose.ui.graphics.ColorKt' type=androidx.compose.ui.graphics.Color origin=null
                    color: CONST Long type=kotlin.Long value=4283215696
                CALL 'public final fun Text-80ic1_w$default (text: kotlin.String, modifier: androidx.compose.ui.Modifier?, color: androidx.compose.ui.graphics.Color, fontSize: androidx.compose.ui.unit.TextUnit, fontStyle: androidx.compose.ui.text.font.FontStyle?, fontWeight: androidx.compose.ui.text.font.FontWeight?, fontFamily: androidx.compose.ui.text.font.FontFamily?, letterSpacing: androidx.compose.ui.unit.TextUnit, textDecoration: androidx.compose.ui.text.style.TextDecoration?, textAlign: androidx.compose.ui.text.style.TextAlign?, lineHeight: androidx.compose.ui.unit.TextUnit, overflow: androidx.compose.ui.text.style.TextOverflow, softWrap: kotlin.Boolean, maxLines: kotlin.Int, minLines: kotlin.Int, onTextLayout: kotlin.Function1<androidx.compose.ui.text.TextLayoutResult, kotlin.Unit>?, style: androidx.compose.ui.text.TextStyle?, $mask0: kotlin.Int, $handler: kotlin.Any?): kotlin.Unit declared in androidx.compose.material3.TextKt' type=kotlin.Unit origin=DEFAULT_DISPATCH_CALL
                  text: GET_VAR 'val tmp0_text: kotlin.String [val] declared in com.vito.core.ui.components.DriverCardKt.DriverCard.<no name provided>.invoke$lambda$3$lambda$2' type=kotlin.String origin=null
                  modifier: COMPOSITE type=androidx.compose.ui.Modifier? origin=DEFAULT_VALUE
                    CONST Null type=androidx.compose.ui.Modifier? value=null
                  color: GET_VAR 'val tmp2_color: androidx.compose.ui.graphics.Color [val] declared in com.vito.core.ui.components.DriverCardKt.DriverCard.<no name provided>.invoke$lambda$3$lambda$2' type=androidx.compose.ui.graphics.Color origin=null
                  fontSize: COMPOSITE type=androidx.compose.ui.unit.TextUnit origin=DEFAULT_VALUE
                    CALL 'public final fun <unsafe-coerce> <T, R> (v: T of kotlin.jvm.internal.<unsafe-coerce>): R of kotlin.jvm.internal.<unsafe-coerce> declared in kotlin.jvm.internal' type=androidx.compose.ui.unit.TextUnit origin=null
                      <T>: kotlin.Long
                      <R>: androidx.compose.ui.unit.TextUnit
                      v: CONST Long type=kotlin.Long value=0
                  fontStyle: COMPOSITE type=androidx.compose.ui.text.font.FontStyle? origin=DEFAULT_VALUE
                    CONST Null type=androidx.compose.ui.text.font.FontStyle? value=null
                  fontWeight: COMPOSITE type=androidx.compose.ui.text.font.FontWeight? origin=DEFAULT_VALUE
                    CONST Null type=androidx.compose.ui.text.font.FontWeight? value=null
                  fontFamily: COMPOSITE type=androidx.compose.ui.text.font.FontFamily? origin=DEFAULT_VALUE
                    CONST Null type=androidx.compose.ui.text.font.FontFamily? value=null
                  letterSpacing: COMPOSITE type=androidx.compose.ui.unit.TextUnit origin=DEFAULT_VALUE
                    CALL 'public final fun <unsafe-coerce> <T, R> (v: T of kotlin.jvm.internal.<unsafe-coerce>): R of kotlin.jvm.internal.<unsafe-coerce> declared in kotlin.jvm.internal' type=androidx.compose.ui.unit.TextUnit origin=null
                      <T>: kotlin.Long
                      <R>: androidx.compose.ui.unit.TextUnit
                      v: CONST Long type=kotlin.Long value=0
                  textDecoration: COMPOSITE type=androidx.compose.ui.text.style.TextDecoration? origin=DEFAULT_VALUE
                    CONST Null type=androidx.compose.ui.text.style.TextDecoration? value=null
                  textAlign: COMPOSITE type=androidx.compose.ui.text.style.TextAlign? origin=DEFAULT_VALUE
                    CONST Null type=androidx.compose.ui.text.style.TextAlign? value=null
                  lineHeight: COMPOSITE type=androidx.compose.ui.unit.TextUnit origin=DEFAULT_VALUE
                    CALL 'public final fun <unsafe-coerce> <T, R> (v: T of kotlin.jvm.internal.<unsafe-coerce>): R of kotlin.jvm.internal.<unsafe-coerce> declared in kotlin.jvm.internal' type=androidx.compose.ui.unit.TextUnit origin=null
                      <T>: kotlin.Long
                      <R>: androidx.compose.ui.unit.TextUnit
                      v: CONST Long type=kotlin.Long value=0
                  overflow: COMPOSITE type=androidx.compose.ui.text.style.TextOverflow origin=DEFAULT_VALUE
                    CALL 'public final fun <unsafe-coerce> <T, R> (v: T of kotlin.jvm.internal.<unsafe-coerce>): R of kotlin.jvm.internal.<unsafe-coerce> declared in kotlin.jvm.internal' type=androidx.compose.ui.text.style.TextOverflow origin=null
                      <T>: kotlin.Int
                      <R>: androidx.compose.ui.text.style.TextOverflow
                      v: CONST Int type=kotlin.Int value=0
                  softWrap: COMPOSITE type=kotlin.Boolean origin=DEFAULT_VALUE
                    CONST Boolean type=kotlin.Boolean value=false
                  maxLines: COMPOSITE type=kotlin.Int origin=DEFAULT_VALUE
                    CONST Int type=kotlin.Int value=0
                  minLines: COMPOSITE type=kotlin.Int origin=DEFAULT_VALUE
                    CONST Int type=kotlin.Int value=0
                  onTextLayout: COMPOSITE type=kotlin.Function1<androidx.compose.ui.text.TextLayoutResult, kotlin.Unit>? origin=DEFAULT_VALUE
                    CONST Null type=kotlin.Function1<androidx.compose.ui.text.TextLayoutResult, kotlin.Unit>? value=null
                  style: GET_VAR 'val tmp1_style: androidx.compose.ui.text.TextStyle [val] declared in com.vito.core.ui.components.DriverCardKt.DriverCard.<no name provided>.invoke$lambda$3$lambda$2' type=androidx.compose.ui.text.TextStyle origin=null
                  $mask0: CONST Int type=kotlin.Int value=65530
                  $handler: CONST Null type=kotlin.Any? value=null
              BLOCK type=kotlin.Unit origin=ARGUMENTS_REORDERING_FOR_CALL
                VAR IR_TEMPORARY_VARIABLE name:tmp3_style type:androidx.compose.ui.text.TextStyle [val]
                  CALL 'public final fun <get-bodySmall> (): androidx.compose.ui.text.TextStyle declared in androidx.compose.material3.Typography' type=androidx.compose.ui.text.TextStyle origin=GET_PROPERTY
                    $this: CALL 'public final fun <get-typography> (): androidx.compose.material3.Typography declared in androidx.compose.material3.MaterialTheme' type=androidx.compose.material3.Typography origin=GET_PROPERTY
                      $this: GET_FIELD 'FIELD FIELD_FOR_OBJECT_INSTANCE name:INSTANCE type:androidx.compose.material3.MaterialTheme visibility:public [final,static]' type=androidx.compose.material3.MaterialTheme origin=null
                VAR IR_TEMPORARY_VARIABLE name:tmp4_color type:androidx.compose.ui.graphics.Color [val]
                  CALL 'public final fun getGray-0d7_KjU (): androidx.compose.ui.graphics.Color declared in androidx.compose.ui.graphics.Color.Companion' type=androidx.compose.ui.graphics.Color origin=GET_PROPERTY
                    $this: GET_FIELD 'FIELD FIELD_FOR_OBJECT_INSTANCE name:Companion type:androidx.compose.ui.graphics.Color.Companion visibility:public [final,static]' type=androidx.compose.ui.graphics.Color.Companion origin=null
                CALL 'public final fun Text-80ic1_w$default (text: kotlin.String, modifier: androidx.compose.ui.Modifier?, color: androidx.compose.ui.graphics.Color, fontSize: androidx.compose.ui.unit.TextUnit, fontStyle: androidx.compose.ui.text.font.FontStyle?, fontWeight: androidx.compose.ui.text.font.FontWeight?, fontFamily: androidx.compose.ui.text.font.FontFamily?, letterSpacing: androidx.compose.ui.unit.TextUnit, textDecoration: androidx.compose.ui.text.style.TextDecoration?, textAlign: androidx.compose.ui.text.style.TextAlign?, lineHeight: androidx.compose.ui.unit.TextUnit, overflow: androidx.compose.ui.text.style.TextOverflow, softWrap: kotlin.Boolean, maxLines: kotlin.Int, minLines: kotlin.Int, onTextLayout: kotlin.Function1<androidx.compose.ui.text.TextLayoutResult, kotlin.Unit>?, style: androidx.compose.ui.text.TextStyle?, $mask0: kotlin.Int, $handler: kotlin.Any?): kotlin.Unit declared in androidx.compose.material3.TextKt' type=kotlin.Unit origin=DEFAULT_DISPATCH_CALL
                  text: CONST String type=kotlin.String value="ETA"
                  modifier: COMPOSITE type=androidx.compose.ui.Modifier? origin=DEFAULT_VALUE
                    CONST Null type=androidx.compose.ui.Modifier? value=null
                  color: GET_VAR 'val tmp4_color: androidx.compose.ui.graphics.Color [val] declared in com.vito.core.ui.components.DriverCardKt.DriverCard.<no name provided>.invoke$lambda$3$lambda$2' type=androidx.compose.ui.graphics.Color origin=null
                  fontSize: COMPOSITE type=androidx.compose.ui.unit.TextUnit origin=DEFAULT_VALUE
                    CALL 'public final fun <unsafe-coerce> <T, R> (v: T of kotlin.jvm.internal.<unsafe-coerce>): R of kotlin.jvm.internal.<unsafe-coerce> declared in kotlin.jvm.internal' type=androidx.compose.ui.unit.TextUnit origin=null
                      <T>: kotlin.Long
                      <R>: androidx.compose.ui.unit.TextUnit
                      v: CONST Long type=kotlin.Long value=0
                  fontStyle: COMPOSITE type=androidx.compose.ui.text.font.FontStyle? origin=DEFAULT_VALUE
                    CONST Null type=androidx.compose.ui.text.font.FontStyle? value=null
                  fontWeight: COMPOSITE type=androidx.compose.ui.text.font.FontWeight? origin=DEFAULT_VALUE
                    CONST Null type=androidx.compose.ui.text.font.FontWeight? value=null
                  fontFamily: COMPOSITE type=androidx.compose.ui.text.font.FontFamily? origin=DEFAULT_VALUE
                    CONST Null type=androidx.compose.ui.text.font.FontFamily? value=null
                  letterSpacing: COMPOSITE type=androidx.compose.ui.unit.TextUnit origin=DEFAULT_VALUE
                    CALL 'public final fun <unsafe-coerce> <T, R> (v: T of kotlin.jvm.internal.<unsafe-coerce>): R of kotlin.jvm.internal.<unsafe-coerce> declared in kotlin.jvm.internal' type=androidx.compose.ui.unit.TextUnit origin=null
                      <T>: kotlin.Long
                      <R>: androidx.compose.ui.unit.TextUnit
                      v: CONST Long type=kotlin.Long value=0
                  textDecoration: COMPOSITE type=androidx.compose.ui.text.style.TextDecoration? origin=DEFAULT_VALUE
                    CONST Null type=androidx.compose.ui.text.style.TextDecoration? value=null
                  textAlign: COMPOSITE type=androidx.compose.ui.text.style.TextAlign? origin=DEFAULT_VALUE
                    CONST Null type=androidx.compose.ui.text.style.TextAlign? value=null
                  lineHeight: COMPOSITE type=androidx.compose.ui.unit.TextUnit origin=DEFAULT_VALUE
                    CALL 'public final fun <unsafe-coerce> <T, R> (v: T of kotlin.jvm.internal.<unsafe-coerce>): R of kotlin.jvm.internal.<unsafe-coerce> declared in kotlin.jvm.internal' type=androidx.compose.ui.unit.TextUnit origin=null
                      <T>: kotlin.Long
                      <R>: androidx.compose.ui.unit.TextUnit
                      v: CONST Long type=kotlin.Long value=0
                  overflow: COMPOSITE type=androidx.compose.ui.text.style.TextOverflow origin=DEFAULT_VALUE
                    CALL 'public final fun <unsafe-coerce> <T, R> (v: T of kotlin.jvm.internal.<unsafe-coerce>): R of kotlin.jvm.internal.<unsafe-coerce> declared in kotlin.jvm.internal' type=androidx.compose.ui.text.style.TextOverflow origin=null
                      <T>: kotlin.Int
                      <R>: androidx.compose.ui.text.style.TextOverflow
                      v: CONST Int type=kotlin.Int value=0
                  softWrap: COMPOSITE type=kotlin.Boolean origin=DEFAULT_VALUE
                    CONST Boolean type=kotlin.Boolean value=false
                  maxLines: COMPOSITE type=kotlin.Int origin=DEFAULT_VALUE
                    CONST Int type=kotlin.Int value=0
                  minLines: COMPOSITE type=kotlin.Int origin=DEFAULT_VALUE
                    CONST Int type=kotlin.Int value=0
                  onTextLayout: COMPOSITE type=kotlin.Function1<androidx.compose.ui.text.TextLayoutResult, kotlin.Unit>? origin=DEFAULT_VALUE
                    CONST Null type=kotlin.Function1<androidx.compose.ui.text.TextLayoutResult, kotlin.Unit>? value=null
                  style: GET_VAR 'val tmp3_style: androidx.compose.ui.text.TextStyle [val] declared in com.vito.core.ui.components.DriverCardKt.DriverCard.<no name provided>.invoke$lambda$3$lambda$2' type=androidx.compose.ui.text.TextStyle origin=null
                  $mask0: CONST Int type=kotlin.Int value=65530
                  $handler: CONST Null type=kotlin.Any? value=null
          FUN INLINE_LAMBDA name:invoke$lambda$3 visibility:private modality:FINAL <> ($receiver:androidx.compose.foundation.layout.RowScope, $name:kotlin.String, $vehicleType:kotlin.String, $plateNumber:kotlin.String, $rating:kotlin.Double, $etaMinutes:kotlin.Int) returnType:kotlin.Unit
            $receiver: VALUE_PARAMETER name:$this$Row type:androidx.compose.foundation.layout.RowScope
            VALUE_PARAMETER BOUND_VALUE_PARAMETER name:$name index:0 type:kotlin.String
            VALUE_PARAMETER BOUND_VALUE_PARAMETER name:$vehicleType index:1 type:kotlin.String
            VALUE_PARAMETER BOUND_VALUE_PARAMETER name:$plateNumber index:2 type:kotlin.String
            VALUE_PARAMETER BOUND_VALUE_PARAMETER name:$rating index:3 type:kotlin.Double
            VALUE_PARAMETER BOUND_VALUE_PARAMETER name:$etaMinutes index:4 type:kotlin.Int
            BLOCK_BODY
              VAR name:$i$a$-Row$default-DriverCardKt$DriverCard$1$1 type:kotlin.Int [val]
                CONST Int type=kotlin.Int value=0
              CALL 'public final fun Surface-PPo6-fI$default (modifier: androidx.compose.ui.Modifier?, shape: androidx.compose.ui.graphics.Shape?, color: androidx.compose.ui.graphics.Color, contentColor: androidx.compose.ui.graphics.Color, tonalElevation: androidx.compose.ui.unit.Dp, shadowElevation: androidx.compose.ui.unit.Dp, border: androidx.compose.foundation.BorderStroke?, content: @[Composable] kotlin.Function0<kotlin.Unit>, $mask0: kotlin.Int, $handler: kotlin.Any?): kotlin.Unit declared in androidx.compose.material3.SurfaceKt' type=kotlin.Unit origin=DEFAULT_DISPATCH_CALL
                modifier: CALL 'public final fun size-3ABfNKs (size: androidx.compose.ui.unit.Dp): androidx.compose.ui.Modifier declared in androidx.compose.foundation.layout.SizeKt' type=androidx.compose.ui.Modifier origin=null
                  $receiver: GET_FIELD 'FIELD FIELD_FOR_OBJECT_INSTANCE name:Companion type:androidx.compose.ui.Modifier.Companion visibility:public [final,static]' type=androidx.compose.ui.Modifier.Companion origin=null
                  size: CALL 'public final fun <get-dp> (): androidx.compose.ui.unit.Dp [inline] declared in androidx.compose.ui.unit.DpKt' type=androidx.compose.ui.unit.Dp origin=GET_PROPERTY
                    $receiver: CONST Int type=kotlin.Int value=56
                shape: CALL 'public final fun <get-CircleShape> (): androidx.compose.foundation.shape.RoundedCornerShape declared in androidx.compose.foundation.shape.RoundedCornerShapeKt' type=androidx.compose.foundation.shape.RoundedCornerShape origin=GET_PROPERTY
                color: CALL 'public final fun Color (color: kotlin.Long): androidx.compose.ui.graphics.Color declared in androidx.compose.ui.graphics.ColorKt' type=androidx.compose.ui.graphics.Color origin=null
                  color: CONST Long type=kotlin.Long value=4279858898
                contentColor: COMPOSITE type=androidx.compose.ui.graphics.Color origin=DEFAULT_VALUE
                  CALL 'public final fun <unsafe-coerce> <T, R> (v: T of kotlin.jvm.internal.<unsafe-coerce>): R of kotlin.jvm.internal.<unsafe-coerce> declared in kotlin.jvm.internal' type=androidx.compose.ui.graphics.Color origin=null
                    <T>: kotlin.Long
                    <R>: androidx.compose.ui.graphics.Color
                    v: CONST Long type=kotlin.Long value=0
                tonalElevation: COMPOSITE type=androidx.compose.ui.unit.Dp origin=DEFAULT_VALUE
                  CALL 'public final fun <unsafe-coerce> <T, R> (v: T of kotlin.jvm.internal.<unsafe-coerce>): R of kotlin.jvm.internal.<unsafe-coerce> declared in kotlin.jvm.internal' type=androidx.compose.ui.unit.Dp origin=null
                    <T>: kotlin.Float
                    <R>: androidx.compose.ui.unit.Dp
                    v: CONST Float type=kotlin.Float value=0.0
                shadowElevation: COMPOSITE type=androidx.compose.ui.unit.Dp origin=DEFAULT_VALUE
                  CALL 'public final fun <unsafe-coerce> <T, R> (v: T of kotlin.jvm.internal.<unsafe-coerce>): R of kotlin.jvm.internal.<unsafe-coerce> declared in kotlin.jvm.internal' type=androidx.compose.ui.unit.Dp origin=null
                    <T>: kotlin.Float
                    <R>: androidx.compose.ui.unit.Dp
                    v: CONST Float type=kotlin.Float value=0.0
                border: COMPOSITE type=androidx.compose.foundation.BorderStroke? origin=DEFAULT_VALUE
                  CONST Null type=androidx.compose.foundation.BorderStroke? value=null
                content: BLOCK type=com.vito.core.ui.components.DriverCardKt.DriverCard.<no name provided>.invoke$lambda$3.<no name provided> origin=null
                  CLASS LAMBDA_IMPL CLASS name:<no name provided> modality:FINAL visibility:public/*package*/ superTypes:[kotlin.jvm.internal.Lambda; kotlin.Function0<kotlin.Unit>]
                    $this: VALUE_PARAMETER INSTANCE_RECEIVER name:<this> type:com.vito.core.ui.components.DriverCardKt.DriverCard.<no name provided>.invoke$lambda$3.<no name provided>
                    CONSTRUCTOR GENERATED_MEMBER_IN_CALLABLE_REFERENCE visibility:public/*package*/ <> () returnType:com.vito.core.ui.components.DriverCardKt.DriverCard.<no name provided>.invoke$lambda$3.<no name provided> [primary]
                      BLOCK_BODY
                        DELEGATING_CONSTRUCTOR_CALL 'public constructor <init> (arity: kotlin.Int) declared in kotlin.jvm.internal.Lambda'
                          arity: CONST Int type=kotlin.Int value=0
                        BLOCK type=kotlin.Unit origin=null
                    FUN name:invoke visibility:public modality:FINAL <> ($this:com.vito.core.ui.components.DriverCardKt.DriverCard.<no name provided>.invoke$lambda$3.<no name provided>) returnType:kotlin.Unit
                      overridden:
                        public abstract fun invoke (): R of kotlin.Function0 [operator] declared in kotlin.Function0
                      $this: VALUE_PARAMETER INSTANCE_RECEIVER name:<this> type:com.vito.core.ui.components.DriverCardKt.DriverCard.<no name provided>.invoke$lambda$3.<no name provided>
                      BLOCK_BODY
                        CALL 'public final fun Box$default (modifier: androidx.compose.ui.Modifier?, contentAlignment: androidx.compose.ui.Alignment?, propagateMinConstraints: kotlin.Boolean, content: @[Composable] @[ExtensionFunctionType] kotlin.Function1<androidx.compose.foundation.layout.BoxScope, kotlin.Unit>, $mask0: kotlin.Int, $handler: kotlin.Any?): kotlin.Unit [inline] declared in androidx.compose.foundation.layout.BoxKt' type=kotlin.Unit origin=DEFAULT_DISPATCH_CALL
                          modifier: COMPOSITE type=androidx.compose.ui.Modifier? origin=DEFAULT_VALUE
                            CONST Null type=androidx.compose.ui.Modifier? value=null
                          contentAlignment: CALL 'public final fun <get-Center> (): androidx.compose.ui.Alignment declared in androidx.compose.ui.Alignment.Companion' type=androidx.compose.ui.Alignment origin=GET_PROPERTY
                            $this: GET_FIELD 'FIELD FIELD_FOR_OBJECT_INSTANCE name:Companion type:androidx.compose.ui.Alignment.Companion visibility:public [final,static]' type=androidx.compose.ui.Alignment.Companion origin=null
                          propagateMinConstraints: COMPOSITE type=kotlin.Boolean origin=DEFAULT_VALUE
                            CONST Boolean type=kotlin.Boolean value=false
                          content: BLOCK type=@[ExtensionFunctionType] kotlin.Function1<androidx.compose.foundation.layout.BoxScope, kotlin.Unit> origin=LAMBDA
                            COMPOSITE type=kotlin.Unit origin=null
                            FUNCTION_REFERENCE 'private final fun invoke$lambda$0 (): kotlin.Unit declared in com.vito.core.ui.components.DriverCardKt.DriverCard.<no name provided>.invoke$lambda$3.<no name provided>' type=@[ExtensionFunctionType] kotlin.Function1<androidx.compose.foundation.layout.BoxScope, kotlin.Unit> origin=INLINE_LAMBDA reflectionTarget=null
                          $mask0: CONST Int type=kotlin.Int value=5
                          $handler: CONST Null type=kotlin.Any? value=null
                    FUN INLINE_LAMBDA name:invoke$lambda$0 visibility:private modality:FINAL <> ($receiver:androidx.compose.foundation.layout.BoxScope) returnType:kotlin.Unit
                      $receiver: VALUE_PARAMETER name:$this$Box type:androidx.compose.foundation.layout.BoxScope
                      BLOCK_BODY
                        VAR name:$i$a$-Box$default-DriverCardKt$DriverCard$1$1$1$1 type:kotlin.Int [val]
                          CONST Int type=kotlin.Int value=0
                        BLOCK type=kotlin.Unit origin=ARGUMENTS_REORDERING_FOR_CALL
                          VAR IR_TEMPORARY_VARIABLE name:tmp0_imageVector type:androidx.compose.ui.graphics.vector.ImageVector [val]
                            CALL 'public final fun <get-Person> (): androidx.compose.ui.graphics.vector.ImageVector declared in androidx.compose.material.icons.filled.PersonKt' type=androidx.compose.ui.graphics.vector.ImageVector origin=GET_PROPERTY
                              $receiver: CALL 'public final fun <get-Default> (): androidx.compose.material.icons.Icons.Filled declared in androidx.compose.material.icons.Icons' type=androidx.compose.material.icons.Icons.Filled origin=GET_PROPERTY
                                $this: GET_FIELD 'FIELD FIELD_FOR_OBJECT_INSTANCE name:INSTANCE type:androidx.compose.material.icons.Icons visibility:public [final,static]' type=androidx.compose.material.icons.Icons origin=null
                          VAR IR_TEMPORARY_VARIABLE name:tmp1_tint type:androidx.compose.ui.graphics.Color [val]
                            CALL 'public final fun getWhite-0d7_KjU (): androidx.compose.ui.graphics.Color declared in androidx.compose.ui.graphics.Color.Companion' type=androidx.compose.ui.graphics.Color origin=GET_PROPERTY
                              $this: GET_FIELD 'FIELD FIELD_FOR_OBJECT_INSTANCE name:Companion type:androidx.compose.ui.graphics.Color.Companion visibility:public [final,static]' type=androidx.compose.ui.graphics.Color.Companion origin=null
                          VAR IR_TEMPORARY_VARIABLE name:tmp2_modifier type:androidx.compose.ui.Modifier [val]
                            CALL 'public final fun size-3ABfNKs (size: androidx.compose.ui.unit.Dp): androidx.compose.ui.Modifier declared in androidx.compose.foundation.layout.SizeKt' type=androidx.compose.ui.Modifier origin=null
                              $receiver: GET_FIELD 'FIELD FIELD_FOR_OBJECT_INSTANCE name:Companion type:androidx.compose.ui.Modifier.Companion visibility:public [final,static]' type=androidx.compose.ui.Modifier.Companion origin=null
                              size: CALL 'public final fun <get-dp> (): androidx.compose.ui.unit.Dp [inline] declared in androidx.compose.ui.unit.DpKt' type=androidx.compose.ui.unit.Dp origin=GET_PROPERTY
                                $receiver: CONST Int type=kotlin.Int value=32
                          CALL 'public final fun Icon-BG621w0 (imageVector: androidx.compose.ui.graphics.vector.ImageVector, contentDescription: kotlin.String?, modifier: androidx.compose.ui.Modifier, tint: androidx.compose.ui.graphics.Color): kotlin.Unit declared in androidx.compose.material3.IconKt' type=kotlin.Unit origin=null
                            imageVector: GET_VAR 'val tmp0_imageVector: androidx.compose.ui.graphics.vector.ImageVector [val] declared in com.vito.core.ui.components.DriverCardKt.DriverCard.<no name provided>.invoke$lambda$3.<no name provided>.invoke$lambda$0' type=androidx.compose.ui.graphics.vector.ImageVector origin=null
                            contentDescription: CONST Null type=kotlin.Nothing? value=null
                            modifier: GET_VAR 'val tmp2_modifier: androidx.compose.ui.Modifier [val] declared in com.vito.core.ui.components.DriverCardKt.DriverCard.<no name provided>.invoke$lambda$3.<no name provided>.invoke$lambda$0' type=androidx.compose.ui.Modifier origin=null
                            tint: GET_VAR 'val tmp1_tint: androidx.compose.ui.graphics.Color [val] declared in com.vito.core.ui.components.DriverCardKt.DriverCard.<no name provided>.invoke$lambda$3.<no name provided>.invoke$lambda$0' type=androidx.compose.ui.graphics.Color origin=null
                    FIELD FIELD_FOR_OBJECT_INSTANCE name:INSTANCE type:com.vito.core.ui.components.DriverCardKt.DriverCard.<no name provided>.invoke$lambda$3.<no name provided> visibility:public [final,static]
                    FUN CLASS_STATIC_INITIALIZER name:<clinit> visibility:public/*package*/ modality:FINAL <> () returnType:kotlin.Unit
                      BLOCK_BODY
                        SET_FIELD 'FIELD FIELD_FOR_OBJECT_INSTANCE name:INSTANCE type:com.vito.core.ui.components.DriverCardKt.DriverCard.<no name provided>.invoke$lambda$3.<no name provided> visibility:public [final,static]' type=kotlin.Unit origin=INITIALIZE_FIELD
                          value: CONSTRUCTOR_CALL 'public/*package*/ constructor <init> () [primary] declared in com.vito.core.ui.components.DriverCardKt.DriverCard.<no name provided>.invoke$lambda$3.<no name provided>' type=com.vito.core.ui.components.DriverCardKt.DriverCard.<no name provided>.invoke$lambda$3.<no name provided> origin=null
                    FUN BRIDGE name:invoke visibility:public modality:OPEN <> ($this:com.vito.core.ui.components.DriverCardKt.DriverCard.<no name provided>.invoke$lambda$3.<no name provided>) returnType:kotlin.Any?
                      $this: VALUE_PARAMETER INSTANCE_RECEIVER name:<this> type:com.vito.core.ui.components.DriverCardKt.DriverCard.<no name provided>.invoke$lambda$3.<no name provided>
                      EXPRESSION_BODY
                        RETURN type=kotlin.Nothing from='public open fun invoke (): kotlin.Any? declared in com.vito.core.ui.components.DriverCardKt.DriverCard.<no name provided>.invoke$lambda$3.<no name provided>'
                          CALL 'public final fun invoke (): kotlin.Unit declared in com.vito.core.ui.components.DriverCardKt.DriverCard.<no name provided>.invoke$lambda$3.<no name provided>' type=kotlin.Unit origin=BRIDGE_DELEGATION
                            $this: GET_VAR '<this>: com.vito.core.ui.components.DriverCardKt.DriverCard.<no name provided>.invoke$lambda$3.<no name provided> declared in com.vito.core.ui.components.DriverCardKt.DriverCard.<no name provided>.invoke$lambda$3.<no name provided>.invoke' type=com.vito.core.ui.components.DriverCardKt.DriverCard.<no name provided>.invoke$lambda$3.<no name provided> origin=null
                  GET_FIELD 'FIELD FIELD_FOR_OBJECT_INSTANCE name:INSTANCE type:com.vito.core.ui.components.DriverCardKt.DriverCard.<no name provided>.invoke$lambda$3.<no name provided> visibility:public [final,static]' type=com.vito.core.ui.components.DriverCardKt.DriverCard.<no name provided>.invoke$lambda$3.<no name provided> origin=null
                $mask0: CONST Int type=kotlin.Int value=120
                $handler: CONST Null type=kotlin.Any? value=null
              CALL 'public final fun Column$default (modifier: androidx.compose.ui.Modifier?, verticalArrangement: androidx.compose.foundation.layout.Arrangement.Vertical?, horizontalAlignment: androidx.compose.ui.Alignment.Horizontal?, content: @[Composable] @[ExtensionFunctionType] kotlin.Function1<androidx.compose.foundation.layout.ColumnScope, kotlin.Unit>, $mask0: kotlin.Int, $handler: kotlin.Any?): kotlin.Unit [inline] declared in androidx.compose.foundation.layout.ColumnKt' type=kotlin.Unit origin=DEFAULT_DISPATCH_CALL
                modifier: CALL 'public final fun weight$default ($this: androidx.compose.foundation.layout.RowScope, $receiver: androidx.compose.ui.Modifier, weight: kotlin.Float, fill: kotlin.Boolean, $mask0: kotlin.Int, $handler: kotlin.Any?): androidx.compose.ui.Modifier declared in androidx.compose.foundation.layout.RowScope' type=androidx.compose.ui.Modifier origin=DEFAULT_DISPATCH_CALL
                  $this: GET_VAR '$this$Row: androidx.compose.foundation.layout.RowScope declared in com.vito.core.ui.components.DriverCardKt.DriverCard.<no name provided>.invoke$lambda$3' type=androidx.compose.foundation.layout.RowScope origin=null
                  $receiver: GET_FIELD 'FIELD FIELD_FOR_OBJECT_INSTANCE name:Companion type:androidx.compose.ui.Modifier.Companion visibility:public [final,static]' type=androidx.compose.ui.Modifier.Companion origin=null
                  weight: CONST Float type=kotlin.Float value=1.0
                  fill: COMPOSITE type=kotlin.Boolean origin=DEFAULT_VALUE
                    CONST Boolean type=kotlin.Boolean value=false
                  $mask0: CONST Int type=kotlin.Int value=2
                  $handler: CONST Null type=kotlin.Any? value=null
                verticalArrangement: COMPOSITE type=androidx.compose.foundation.layout.Arrangement.Vertical? origin=DEFAULT_VALUE
                  CONST Null type=androidx.compose.foundation.layout.Arrangement.Vertical? value=null
                horizontalAlignment: COMPOSITE type=androidx.compose.ui.Alignment.Horizontal? origin=DEFAULT_VALUE
                  CONST Null type=androidx.compose.ui.Alignment.Horizontal? value=null
                content: BLOCK type=@[ExtensionFunctionType] kotlin.Function1<androidx.compose.foundation.layout.ColumnScope, kotlin.Unit> origin=LAMBDA
                  COMPOSITE type=kotlin.Unit origin=null
                  FUNCTION_REFERENCE 'private final fun invoke$lambda$3$lambda$1 ($name: kotlin.String, $vehicleType: kotlin.String, $plateNumber: kotlin.String, $rating: kotlin.Double): kotlin.Unit declared in com.vito.core.ui.components.DriverCardKt.DriverCard.<no name provided>' type=@[ExtensionFunctionType] kotlin.Function1<androidx.compose.foundation.layout.ColumnScope, kotlin.Unit> origin=INLINE_LAMBDA reflectionTarget=null
                    $name: GET_VAR '$name: kotlin.String declared in com.vito.core.ui.components.DriverCardKt.DriverCard.<no name provided>.invoke$lambda$3' type=kotlin.String origin=null
                    $vehicleType: GET_VAR '$vehicleType: kotlin.String declared in com.vito.core.ui.components.DriverCardKt.DriverCard.<no name provided>.invoke$lambda$3' type=kotlin.String origin=null
                    $plateNumber: GET_VAR '$plateNumber: kotlin.String declared in com.vito.core.ui.components.DriverCardKt.DriverCard.<no name provided>.invoke$lambda$3' type=kotlin.String origin=null
                    $rating: GET_VAR '$rating: kotlin.Double declared in com.vito.core.ui.components.DriverCardKt.DriverCard.<no name provided>.invoke$lambda$3' type=kotlin.Double origin=null
                $mask0: CONST Int type=kotlin.Int value=6
                $handler: CONST Null type=kotlin.Any? value=null
              CALL 'public final fun Column$default (modifier: androidx.compose.ui.Modifier?, verticalArrangement: androidx.compose.foundation.layout.Arrangement.Vertical?, horizontalAlignment: androidx.compose.ui.Alignment.Horizontal?, content: @[Composable] @[ExtensionFunctionType] kotlin.Function1<androidx.compose.foundation.layout.ColumnScope, kotlin.Unit>, $mask0: kotlin.Int, $handler: kotlin.Any?): kotlin.Unit [inline] declared in androidx.compose.foundation.layout.ColumnKt' type=kotlin.Unit origin=DEFAULT_DISPATCH_CALL
                modifier: COMPOSITE type=androidx.compose.ui.Modifier? origin=DEFAULT_VALUE
                  CONST Null type=androidx.compose.ui.Modifier? value=null
                verticalArrangement: COMPOSITE type=androidx.compose.foundation.layout.Arrangement.Vertical? origin=DEFAULT_VALUE
                  CONST Null type=androidx.compose.foundation.layout.Arrangement.Vertical? value=null
                horizontalAlignment: CALL 'public final fun <get-End> (): androidx.compose.ui.Alignment.Horizontal declared in androidx.compose.ui.Alignment.Companion' type=androidx.compose.ui.Alignment.Horizontal origin=GET_PROPERTY
                  $this: GET_FIELD 'FIELD FIELD_FOR_OBJECT_INSTANCE name:Companion type:androidx.compose.ui.Alignment.Companion visibility:public [final,static]' type=androidx.compose.ui.Alignment.Companion origin=null
                content: BLOCK type=@[ExtensionFunctionType] kotlin.Function1<androidx.compose.foundation.layout.ColumnScope, kotlin.Unit> origin=LAMBDA
                  COMPOSITE type=kotlin.Unit origin=null
                  FUNCTION_REFERENCE 'private final fun invoke$lambda$3$lambda$2 ($etaMinutes: kotlin.Int): kotlin.Unit declared in com.vito.core.ui.components.DriverCardKt.DriverCard.<no name provided>' type=@[ExtensionFunctionType] kotlin.Function1<androidx.compose.foundation.layout.ColumnScope, kotlin.Unit> origin=INLINE_LAMBDA reflectionTarget=null
                    $etaMinutes: GET_VAR '$etaMinutes: kotlin.Int declared in com.vito.core.ui.components.DriverCardKt.DriverCard.<no name provided>.invoke$lambda$3' type=kotlin.Int origin=null
                $mask0: CONST Int type=kotlin.Int value=3
                $handler: CONST Null type=kotlin.Any? value=null
          FUN BRIDGE name:invoke visibility:public modality:OPEN <> ($this:com.vito.core.ui.components.DriverCardKt.DriverCard.<no name provided>, p1:kotlin.Any?) returnType:kotlin.Any?
            $this: VALUE_PARAMETER INSTANCE_RECEIVER name:<this> type:com.vito.core.ui.components.DriverCardKt.DriverCard.<no name provided>
            VALUE_PARAMETER BRIDGE name:p1 index:0 type:kotlin.Any?
            EXPRESSION_BODY
              RETURN type=kotlin.Nothing from='public open fun invoke (p1: kotlin.Any?): kotlin.Any? declared in com.vito.core.ui.components.DriverCardKt.DriverCard.<no name provided>'
                CALL 'public final fun invoke ($this$Card: androidx.compose.foundation.layout.ColumnScope): kotlin.Unit declared in com.vito.core.ui.components.DriverCardKt.DriverCard.<no name provided>' type=kotlin.Unit origin=BRIDGE_DELEGATION
                  $this: GET_VAR '<this>: com.vito.core.ui.components.DriverCardKt.DriverCard.<no name provided> declared in com.vito.core.ui.components.DriverCardKt.DriverCard.<no name provided>.invoke' type=com.vito.core.ui.components.DriverCardKt.DriverCard.<no name provided> origin=null
                  $this$Card: TYPE_OP type=androidx.compose.foundation.layout.ColumnScope origin=IMPLICIT_CAST typeOperand=androidx.compose.foundation.layout.ColumnScope
                    GET_VAR 'p1: kotlin.Any? declared in com.vito.core.ui.components.DriverCardKt.DriverCard.<no name provided>.invoke' type=kotlin.Any? origin=null
        CONSTRUCTOR_CALL 'public/*package*/ constructor <init> ($name: kotlin.String, $vehicleType: kotlin.String, $plateNumber: kotlin.String, $rating: kotlin.Double, $etaMinutes: kotlin.Int) [primary] declared in com.vito.core.ui.components.DriverCardKt.DriverCard.<no name provided>' type=com.vito.core.ui.components.DriverCardKt.DriverCard.<no name provided> origin=null
          $name: GET_VAR 'name: kotlin.String declared in com.vito.core.ui.components.DriverCardKt.DriverCard' type=kotlin.String origin=null
          $vehicleType: GET_VAR 'vehicleType: kotlin.String declared in com.vito.core.ui.components.DriverCardKt.DriverCard' type=kotlin.String origin=null
          $plateNumber: GET_VAR 'plateNumber: kotlin.String declared in com.vito.core.ui.components.DriverCardKt.DriverCard' type=kotlin.String origin=null
          $rating: GET_VAR 'rating: kotlin.Double declared in com.vito.core.ui.components.DriverCardKt.DriverCard' type=kotlin.Double origin=null
          $etaMinutes: GET_VAR 'etaMinutes: kotlin.Int declared in com.vito.core.ui.components.DriverCardKt.DriverCard' type=kotlin.Int origin=null
      $mask0: CONST Int type=kotlin.Int value=252
      $handler: CONST Null type=kotlin.Any? value=null

	at org.jetbrains.kotlin.backend.jvm.codegen.FunctionCodegen.generate(FunctionCodegen.kt:51)
	at org.jetbrains.kotlin.backend.jvm.codegen.FunctionCodegen.generate$default(FunctionCodegen.kt:43)
	at org.jetbrains.kotlin.backend.jvm.codegen.ClassCodegen.generateMethodNode(ClassCodegen.kt:390)
	at org.jetbrains.kotlin.backend.jvm.codegen.ClassCodegen.generateMethod(ClassCodegen.kt:407)
	at org.jetbrains.kotlin.backend.jvm.codegen.ClassCodegen.generate(ClassCodegen.kt:169)
	at org.jetbrains.kotlin.backend.jvm.FileCodegen.lower(JvmPhases.kt:41)
	at org.jetbrains.kotlin.backend.common.phaser.FileLoweringPhaseAdapter.invoke(PhaseBuilders.kt:120)
	at org.jetbrains.kotlin.backend.common.phaser.FileLoweringPhaseAdapter.invoke(PhaseBuilders.kt:116)
	at org.jetbrains.kotlin.backend.common.phaser.NamedCompilerPhase.phaseBody(CompilerPhase.kt:147)
	at org.jetbrains.kotlin.backend.common.phaser.AbstractNamedCompilerPhase.invoke(CompilerPhase.kt:94)
	at org.jetbrains.kotlin.backend.common.phaser.PerformByIrFilePhase.invokeSequential(performByIrFile.kt:62)
	... 44 more
Caused by: java.lang.RuntimeException: Exception while generating code for:
FUN name:invoke visibility:public modality:FINAL <> ($this:com.vito.core.ui.components.DriverCardKt.DriverCard.<no name provided>, $this$Card:androidx.compose.foundation.layout.ColumnScope) returnType:kotlin.Unit
  overridden:
    public abstract fun invoke (p1: P1 of kotlin.Function1): R of kotlin.Function1 [operator] declared in kotlin.Function1
  $this: VALUE_PARAMETER INSTANCE_RECEIVER name:<this> type:com.vito.core.ui.components.DriverCardKt.DriverCard.<no name provided>
  VALUE_PARAMETER name:$this$Card index:0 type:androidx.compose.foundation.layout.ColumnScope
  BLOCK_BODY
    CALL 'public final fun Row$default (modifier: androidx.compose.ui.Modifier?, horizontalArrangement: androidx.compose.foundation.layout.Arrangement.Horizontal?, verticalAlignment: androidx.compose.ui.Alignment.Vertical?, content: @[Composable] @[ExtensionFunctionType] kotlin.Function1<androidx.compose.foundation.layout.RowScope, kotlin.Unit>, $mask0: kotlin.Int, $handler: kotlin.Any?): kotlin.Unit [inline] declared in androidx.compose.foundation.layout.RowKt' type=kotlin.Unit origin=DEFAULT_DISPATCH_CALL
      modifier: CALL 'public final fun padding-3ABfNKs (all: androidx.compose.ui.unit.Dp): androidx.compose.ui.Modifier declared in androidx.compose.foundation.layout.PaddingKt' type=androidx.compose.ui.Modifier origin=null
        $receiver: GET_FIELD 'FIELD FIELD_FOR_OBJECT_INSTANCE name:Companion type:androidx.compose.ui.Modifier.Companion visibility:public [final,static]' type=androidx.compose.ui.Modifier.Companion origin=null
        all: CALL 'public final fun <get-dp> (): androidx.compose.ui.unit.Dp [inline] declared in androidx.compose.ui.unit.DpKt' type=androidx.compose.ui.unit.Dp origin=GET_PROPERTY
          $receiver: CONST Int type=kotlin.Int value=12
      horizontalArrangement: CALL 'public final fun spacedBy-0680j_4 (space: androidx.compose.ui.unit.Dp): androidx.compose.foundation.layout.Arrangement.HorizontalOrVertical declared in androidx.compose.foundation.layout.Arrangement' type=androidx.compose.foundation.layout.Arrangement.HorizontalOrVertical origin=null
        $this: GET_FIELD 'FIELD FIELD_FOR_OBJECT_INSTANCE name:INSTANCE type:androidx.compose.foundation.layout.Arrangement visibility:public [final,static]' type=androidx.compose.foundation.layout.Arrangement origin=null
        space: CALL 'public final fun <get-dp> (): androidx.compose.ui.unit.Dp [inline] declared in androidx.compose.ui.unit.DpKt' type=androidx.compose.ui.unit.Dp origin=GET_PROPERTY
          $receiver: CONST Int type=kotlin.Int value=12
      verticalAlignment: COMPOSITE type=androidx.compose.ui.Alignment.Vertical? origin=DEFAULT_VALUE
        CONST Null type=androidx.compose.ui.Alignment.Vertical? value=null
      content: BLOCK type=@[ExtensionFunctionType] kotlin.Function1<androidx.compose.foundation.layout.RowScope, kotlin.Unit> origin=LAMBDA
        COMPOSITE type=kotlin.Unit origin=null
        FUNCTION_REFERENCE 'private final fun invoke$lambda$3 ($name: kotlin.String, $vehicleType: kotlin.String, $plateNumber: kotlin.String, $rating: kotlin.Double, $etaMinutes: kotlin.Int): kotlin.Unit declared in com.vito.core.ui.components.DriverCardKt.DriverCard.<no name provided>' type=@[ExtensionFunctionType] kotlin.Function1<androidx.compose.foundation.layout.RowScope, kotlin.Unit> origin=INLINE_LAMBDA reflectionTarget=null
          $name: GET_FIELD 'FIELD FIELD_FOR_CAPTURED_VALUE name:$name type:kotlin.String visibility:public/*package*/ [final]' type=kotlin.String origin=null
            receiver: GET_VAR '<this>: com.vito.core.ui.components.DriverCardKt.DriverCard.<no name provided> declared in com.vito.core.ui.components.DriverCardKt.DriverCard.<no name provided>.invoke' type=com.vito.core.ui.components.DriverCardKt.DriverCard.<no name provided> origin=null
          $vehicleType: GET_FIELD 'FIELD FIELD_FOR_CAPTURED_VALUE name:$vehicleType type:kotlin.String visibility:public/*package*/ [final]' type=kotlin.String origin=null
            receiver: GET_VAR '<this>: com.vito.core.ui.components.DriverCardKt.DriverCard.<no name provided> declared in com.vito.core.ui.components.DriverCardKt.DriverCard.<no name provided>.invoke' type=com.vito.core.ui.components.DriverCardKt.DriverCard.<no name provided> origin=null
          $plateNumber: GET_FIELD 'FIELD FIELD_FOR_CAPTURED_VALUE name:$plateNumber type:kotlin.String visibility:public/*package*/ [final]' type=kotlin.String origin=null
            receiver: GET_VAR '<this>: com.vito.core.ui.components.DriverCardKt.DriverCard.<no name provided> declared in com.vito.core.ui.components.DriverCardKt.DriverCard.<no name provided>.invoke' type=com.vito.core.ui.components.DriverCardKt.DriverCard.<no name provided> origin=null
          $rating: GET_FIELD 'FIELD FIELD_FOR_CAPTURED_VALUE name:$rating type:kotlin.Double visibility:public/*package*/ [final]' type=kotlin.Double origin=null
            receiver: GET_VAR '<this>: com.vito.core.ui.components.DriverCardKt.DriverCard.<no name provided> declared in com.vito.core.ui.components.DriverCardKt.DriverCard.<no name provided>.invoke' type=com.vito.core.ui.components.DriverCardKt.DriverCard.<no name provided> origin=null
          $etaMinutes: GET_FIELD 'FIELD FIELD_FOR_CAPTURED_VALUE name:$etaMinutes type:kotlin.Int visibility:public/*package*/ [final]' type=kotlin.Int origin=null
            receiver: GET_VAR '<this>: com.vito.core.ui.components.DriverCardKt.DriverCard.<no name provided> declared in com.vito.core.ui.components.DriverCardKt.DriverCard.<no name provided>.invoke' type=com.vito.core.ui.components.DriverCardKt.DriverCard.<no name provided> origin=null
      $mask0: CONST Int type=kotlin.Int value=4
      $handler: CONST Null type=kotlin.Any? value=null

	at org.jetbrains.kotlin.backend.jvm.codegen.FunctionCodegen.generate(FunctionCodegen.kt:51)
	at org.jetbrains.kotlin.backend.jvm.codegen.FunctionCodegen.generate$default(FunctionCodegen.kt:43)
	at org.jetbrains.kotlin.backend.jvm.codegen.ClassCodegen.generateMethodNode(ClassCodegen.kt:390)
	at org.jetbrains.kotlin.backend.jvm.codegen.ClassCodegen.generateMethod(ClassCodegen.kt:407)
	at org.jetbrains.kotlin.backend.jvm.codegen.ClassCodegen.generate(ClassCodegen.kt:169)
	at org.jetbrains.kotlin.backend.jvm.codegen.ExpressionCodegen.visitClass(ExpressionCodegen.kt:967)
	at org.jetbrains.kotlin.backend.jvm.codegen.ExpressionCodegen.visitClass(ExpressionCodegen.kt:134)
	at org.jetbrains.kotlin.ir.declarations.IrClass.accept(IrClass.kt:73)
	at org.jetbrains.kotlin.backend.jvm.codegen.ExpressionCodegen.visitStatementContainer(ExpressionCodegen.kt:562)
	at org.jetbrains.kotlin.backend.jvm.codegen.ExpressionCodegen.visitContainerExpression(ExpressionCodegen.kt:576)
	at org.jetbrains.kotlin.backend.jvm.codegen.ExpressionCodegen.visitContainerExpression(ExpressionCodegen.kt:134)
	at org.jetbrains.kotlin.ir.visitors.IrElementVisitor$DefaultImpls.visitBlock(IrElementVisitor.kt:192)
	at org.jetbrains.kotlin.backend.jvm.codegen.ExpressionCodegen.visitBlock(ExpressionCodegen.kt:396)
	at org.jetbrains.kotlin.backend.jvm.codegen.ExpressionCodegen.visitBlock(ExpressionCodegen.kt:134)
	at org.jetbrains.kotlin.ir.expressions.IrBlock.accept(IrBlock.kt:20)
	at org.jetbrains.kotlin.backend.jvm.codegen.ExpressionCodegen.gen(ExpressionCodegen.kt:205)
	at org.jetbrains.kotlin.backend.jvm.codegen.IrCallGenerator.genValueAndPut(IrCallGenerator.kt:48)
	at org.jetbrains.kotlin.backend.jvm.codegen.ExpressionCodegen.visitCall$handleValueParameter(ExpressionCodegen.kt:606)
	at org.jetbrains.kotlin.backend.jvm.codegen.ExpressionCodegen.visitCall(ExpressionCodegen.kt:619)
	at org.jetbrains.kotlin.backend.jvm.codegen.ExpressionCodegen.visitCall(ExpressionCodegen.kt:134)
	at org.jetbrains.kotlin.ir.expressions.IrCall.accept(IrCall.kt:26)
	at org.jetbrains.kotlin.backend.jvm.codegen.ExpressionCodegen.visitStatementContainer(ExpressionCodegen.kt:562)
	at org.jetbrains.kotlin.backend.jvm.codegen.ExpressionCodegen.visitBlockBody(ExpressionCodegen.kt:567)
	at org.jetbrains.kotlin.backend.jvm.codegen.ExpressionCodegen.visitBlockBody(ExpressionCodegen.kt:134)
	at org.jetbrains.kotlin.ir.expressions.IrBlockBody.accept(IrBlockBody.kt:25)
	at org.jetbrains.kotlin.backend.jvm.codegen.ExpressionCodegen.generate(ExpressionCodegen.kt:228)
	at org.jetbrains.kotlin.backend.jvm.codegen.FunctionCodegen.doGenerate(FunctionCodegen.kt:122)
	at org.jetbrains.kotlin.backend.jvm.codegen.FunctionCodegen.generate(FunctionCodegen.kt:47)
	... 54 more
Caused by: java.lang.RuntimeException: Exception while generating code for:
FUN INLINE_LAMBDA name:invoke$lambda$3 visibility:private modality:FINAL <> ($receiver:androidx.compose.foundation.layout.RowScope, $name:kotlin.String, $vehicleType:kotlin.String, $plateNumber:kotlin.String, $rating:kotlin.Double, $etaMinutes:kotlin.Int) returnType:kotlin.Unit
  $receiver: VALUE_PARAMETER name:$this$Row type:androidx.compose.foundation.layout.RowScope
  VALUE_PARAMETER BOUND_VALUE_PARAMETER name:$name index:0 type:kotlin.String
  VALUE_PARAMETER BOUND_VALUE_PARAMETER name:$vehicleType index:1 type:kotlin.String
  VALUE_PARAMETER BOUND_VALUE_PARAMETER name:$plateNumber index:2 type:kotlin.String
  VALUE_PARAMETER BOUND_VALUE_PARAMETER name:$rating index:3 type:kotlin.Double
  VALUE_PARAMETER BOUND_VALUE_PARAMETER name:$etaMinutes index:4 type:kotlin.Int
  BLOCK_BODY
    VAR name:$i$a$-Row$default-DriverCardKt$DriverCard$1$1 type:kotlin.Int [val]
      CONST Int type=kotlin.Int value=0
    CALL 'public final fun Surface-PPo6-fI$default (modifier: androidx.compose.ui.Modifier?, shape: androidx.compose.ui.graphics.Shape?, color: androidx.compose.ui.graphics.Color, contentColor: androidx.compose.ui.graphics.Color, tonalElevation: androidx.compose.ui.unit.Dp, shadowElevation: androidx.compose.ui.unit.Dp, border: androidx.compose.foundation.BorderStroke?, content: @[Composable] kotlin.Function0<kotlin.Unit>, $mask0: kotlin.Int, $handler: kotlin.Any?): kotlin.Unit declared in androidx.compose.material3.SurfaceKt' type=kotlin.Unit origin=DEFAULT_DISPATCH_CALL
      modifier: CALL 'public final fun size-3ABfNKs (size: androidx.compose.ui.unit.Dp): androidx.compose.ui.Modifier declared in androidx.compose.foundation.layout.SizeKt' type=androidx.compose.ui.Modifier origin=null
        $receiver: GET_FIELD 'FIELD FIELD_FOR_OBJECT_INSTANCE name:Companion type:androidx.compose.ui.Modifier.Companion visibility:public [final,static]' type=androidx.compose.ui.Modifier.Companion origin=null
        size: CALL 'public final fun <get-dp> (): androidx.compose.ui.unit.Dp [inline] declared in androidx.compose.ui.unit.DpKt' type=androidx.compose.ui.unit.Dp origin=GET_PROPERTY
          $receiver: CONST Int type=kotlin.Int value=56
      shape: CALL 'public final fun <get-CircleShape> (): androidx.compose.foundation.shape.RoundedCornerShape declared in androidx.compose.foundation.shape.RoundedCornerShapeKt' type=androidx.compose.foundation.shape.RoundedCornerShape origin=GET_PROPERTY
      color: CALL 'public final fun Color (color: kotlin.Long): androidx.compose.ui.graphics.Color declared in androidx.compose.ui.graphics.ColorKt' type=androidx.compose.ui.graphics.Color origin=null
        color: CONST Long type=kotlin.Long value=4279858898
      contentColor: COMPOSITE type=androidx.compose.ui.graphics.Color origin=DEFAULT_VALUE
        CALL 'public final fun <unsafe-coerce> <T, R> (v: T of kotlin.jvm.internal.<unsafe-coerce>): R of kotlin.jvm.internal.<unsafe-coerce> declared in kotlin.jvm.internal' type=androidx.compose.ui.graphics.Color origin=null
          <T>: kotlin.Long
          <R>: androidx.compose.ui.graphics.Color
          v: CONST Long type=kotlin.Long value=0
      tonalElevation: COMPOSITE type=androidx.compose.ui.unit.Dp origin=DEFAULT_VALUE
        CALL 'public final fun <unsafe-coerce> <T, R> (v: T of kotlin.jvm.internal.<unsafe-coerce>): R of kotlin.jvm.internal.<unsafe-coerce> declared in kotlin.jvm.internal' type=androidx.compose.ui.unit.Dp origin=null
          <T>: kotlin.Float
          <R>: androidx.compose.ui.unit.Dp
          v: CONST Float type=kotlin.Float value=0.0
      shadowElevation: COMPOSITE type=androidx.compose.ui.unit.Dp origin=DEFAULT_VALUE
        CALL 'public final fun <unsafe-coerce> <T, R> (v: T of kotlin.jvm.internal.<unsafe-coerce>): R of kotlin.jvm.internal.<unsafe-coerce> declared in kotlin.jvm.internal' type=androidx.compose.ui.unit.Dp origin=null
          <T>: kotlin.Float
          <R>: androidx.compose.ui.unit.Dp
          v: CONST Float type=kotlin.Float value=0.0
      border: COMPOSITE type=androidx.compose.foundation.BorderStroke? origin=DEFAULT_VALUE
        CONST Null type=androidx.compose.foundation.BorderStroke? value=null
      content: BLOCK type=com.vito.core.ui.components.DriverCardKt.DriverCard.<no name provided>.invoke$lambda$3.<no name provided> origin=null
        CLASS LAMBDA_IMPL CLASS name:<no name provided> modality:FINAL visibility:public/*package*/ superTypes:[kotlin.jvm.internal.Lambda; kotlin.Function0<kotlin.Unit>]
          $this: VALUE_PARAMETER INSTANCE_RECEIVER name:<this> type:com.vito.core.ui.components.DriverCardKt.DriverCard.<no name provided>.invoke$lambda$3.<no name provided>
          CONSTRUCTOR GENERATED_MEMBER_IN_CALLABLE_REFERENCE visibility:public/*package*/ <> () returnType:com.vito.core.ui.components.DriverCardKt.DriverCard.<no name provided>.invoke$lambda$3.<no name provided> [primary]
            BLOCK_BODY
              DELEGATING_CONSTRUCTOR_CALL 'public constructor <init> (arity: kotlin.Int) declared in kotlin.jvm.internal.Lambda'
                arity: CONST Int type=kotlin.Int value=0
              BLOCK type=kotlin.Unit origin=null
          FUN name:invoke visibility:public modality:FINAL <> ($this:com.vito.core.ui.components.DriverCardKt.DriverCard.<no name provided>.invoke$lambda$3.<no name provided>) returnType:kotlin.Unit
            overridden:
              public abstract fun invoke (): R of kotlin.Function0 [operator] declared in kotlin.Function0
            $this: VALUE_PARAMETER INSTANCE_RECEIVER name:<this> type:com.vito.core.ui.components.DriverCardKt.DriverCard.<no name provided>.invoke$lambda$3.<no name provided>
            BLOCK_BODY
              CALL 'public final fun Box$default (modifier: androidx.compose.ui.Modifier?, contentAlignment: androidx.compose.ui.Alignment?, propagateMinConstraints: kotlin.Boolean, content: @[Composable] @[ExtensionFunctionType] kotlin.Function1<androidx.compose.foundation.layout.BoxScope, kotlin.Unit>, $mask0: kotlin.Int, $handler: kotlin.Any?): kotlin.Unit [inline] declared in androidx.compose.foundation.layout.BoxKt' type=kotlin.Unit origin=DEFAULT_DISPATCH_CALL
                modifier: COMPOSITE type=androidx.compose.ui.Modifier? origin=DEFAULT_VALUE
                  CONST Null type=androidx.compose.ui.Modifier? value=null
                contentAlignment: CALL 'public final fun <get-Center> (): androidx.compose.ui.Alignment declared in androidx.compose.ui.Alignment.Companion' type=androidx.compose.ui.Alignment origin=GET_PROPERTY
                  $this: GET_FIELD 'FIELD FIELD_FOR_OBJECT_INSTANCE name:Companion type:androidx.compose.ui.Alignment.Companion visibility:public [final,static]' type=androidx.compose.ui.Alignment.Companion origin=null
                propagateMinConstraints: COMPOSITE type=kotlin.Boolean origin=DEFAULT_VALUE
                  CONST Boolean type=kotlin.Boolean value=false
                content: BLOCK type=@[ExtensionFunctionType] kotlin.Function1<androidx.compose.foundation.layout.BoxScope, kotlin.Unit> origin=LAMBDA
                  COMPOSITE type=kotlin.Unit origin=null
                  FUNCTION_REFERENCE 'private final fun invoke$lambda$0 (): kotlin.Unit declared in com.vito.core.ui.components.DriverCardKt.DriverCard.<no name provided>.invoke$lambda$3.<no name provided>' type=@[ExtensionFunctionType] kotlin.Function1<androidx.compose.foundation.layout.BoxScope, kotlin.Unit> origin=INLINE_LAMBDA reflectionTarget=null
                $mask0: CONST Int type=kotlin.Int value=5
                $handler: CONST Null type=kotlin.Any? value=null
          FUN INLINE_LAMBDA name:invoke$lambda$0 visibility:private modality:FINAL <> ($receiver:androidx.compose.foundation.layout.BoxScope) returnType:kotlin.Unit
            $receiver: VALUE_PARAMETER name:$this$Box type:androidx.compose.foundation.layout.BoxScope
            BLOCK_BODY
              VAR name:$i$a$-Box$default-DriverCardKt$DriverCard$1$1$1$1 type:kotlin.Int [val]
                CONST Int type=kotlin.Int value=0
              BLOCK type=kotlin.Unit origin=ARGUMENTS_REORDERING_FOR_CALL
                VAR IR_TEMPORARY_VARIABLE name:tmp0_imageVector type:androidx.compose.ui.graphics.vector.ImageVector [val]
                  CALL 'public final fun <get-Person> (): androidx.compose.ui.graphics.vector.ImageVector declared in androidx.compose.material.icons.filled.PersonKt' type=androidx.compose.ui.graphics.vector.ImageVector origin=GET_PROPERTY
                    $receiver: CALL 'public final fun <get-Default> (): androidx.compose.material.icons.Icons.Filled declared in androidx.compose.material.icons.Icons' type=androidx.compose.material.icons.Icons.Filled origin=GET_PROPERTY
                      $this: GET_FIELD 'FIELD FIELD_FOR_OBJECT_INSTANCE name:INSTANCE type:androidx.compose.material.icons.Icons visibility:public [final,static]' type=androidx.compose.material.icons.Icons origin=null
                VAR IR_TEMPORARY_VARIABLE name:tmp1_tint type:androidx.compose.ui.graphics.Color [val]
                  CALL 'public final fun getWhite-0d7_KjU (): androidx.compose.ui.graphics.Color declared in androidx.compose.ui.graphics.Color.Companion' type=androidx.compose.ui.graphics.Color origin=GET_PROPERTY
                    $this: GET_FIELD 'FIELD FIELD_FOR_OBJECT_INSTANCE name:Companion type:androidx.compose.ui.graphics.Color.Companion visibility:public [final,static]' type=androidx.compose.ui.graphics.Color.Companion origin=null
                VAR IR_TEMPORARY_VARIABLE name:tmp2_modifier type:androidx.compose.ui.Modifier [val]
                  CALL 'public final fun size-3ABfNKs (size: androidx.compose.ui.unit.Dp): androidx.compose.ui.Modifier declared in androidx.compose.foundation.layout.SizeKt' type=androidx.compose.ui.Modifier origin=null
                    $receiver: GET_FIELD 'FIELD FIELD_FOR_OBJECT_INSTANCE name:Companion type:androidx.compose.ui.Modifier.Companion visibility:public [final,static]' type=androidx.compose.ui.Modifier.Companion origin=null
                    size: CALL 'public final fun <get-dp> (): androidx.compose.ui.unit.Dp [inline] declared in androidx.compose.ui.unit.DpKt' type=androidx.compose.ui.unit.Dp origin=GET_PROPERTY
                      $receiver: CONST Int type=kotlin.Int value=32
                CALL 'public final fun Icon-BG621w0 (imageVector: androidx.compose.ui.graphics.vector.ImageVector, contentDescription: kotlin.String?, modifier: androidx.compose.ui.Modifier, tint: androidx.compose.ui.graphics.Color): kotlin.Unit declared in androidx.compose.material3.IconKt' type=kotlin.Unit origin=null
                  imageVector: GET_VAR 'val tmp0_imageVector: androidx.compose.ui.graphics.vector.ImageVector [val] declared in com.vito.core.ui.components.DriverCardKt.DriverCard.<no name provided>.invoke$lambda$3.<no name provided>.invoke$lambda$0' type=androidx.compose.ui.graphics.vector.ImageVector origin=null
                  contentDescription: CONST Null type=kotlin.Nothing? value=null
                  modifier: GET_VAR 'val tmp2_modifier: androidx.compose.ui.Modifier [val] declared in com.vito.core.ui.components.DriverCardKt.DriverCard.<no name provided>.invoke$lambda$3.<no name provided>.invoke$lambda$0' type=androidx.compose.ui.Modifier origin=null
                  tint: GET_VAR 'val tmp1_tint: androidx.compose.ui.graphics.Color [val] declared in com.vito.core.ui.components.DriverCardKt.DriverCard.<no name provided>.invoke$lambda$3.<no name provided>.invoke$lambda$0' type=androidx.compose.ui.graphics.Color origin=null
          FIELD FIELD_FOR_OBJECT_INSTANCE name:INSTANCE type:com.vito.core.ui.components.DriverCardKt.DriverCard.<no name provided>.invoke$lambda$3.<no name provided> visibility:public [final,static]
          FUN CLASS_STATIC_INITIALIZER name:<clinit> visibility:public/*package*/ modality:FINAL <> () returnType:kotlin.Unit
            BLOCK_BODY
              SET_FIELD 'FIELD FIELD_FOR_OBJECT_INSTANCE name:INSTANCE type:com.vito.core.ui.components.DriverCardKt.DriverCard.<no name provided>.invoke$lambda$3.<no name provided> visibility:public [final,static]' type=kotlin.Unit origin=INITIALIZE_FIELD
                value: CONSTRUCTOR_CALL 'public/*package*/ constructor <init> () [primary] declared in com.vito.core.ui.components.DriverCardKt.DriverCard.<no name provided>.invoke$lambda$3.<no name provided>' type=com.vito.core.ui.components.DriverCardKt.DriverCard.<no name provided>.invoke$lambda$3.<no name provided> origin=null
          FUN BRIDGE name:invoke visibility:public modality:OPEN <> ($this:com.vito.core.ui.components.DriverCardKt.DriverCard.<no name provided>.invoke$lambda$3.<no name provided>) returnType:kotlin.Any?
            $this: VALUE_PARAMETER INSTANCE_RECEIVER name:<this> type:com.vito.core.ui.components.DriverCardKt.DriverCard.<no name provided>.invoke$lambda$3.<no name provided>
            EXPRESSION_BODY
              RETURN type=kotlin.Nothing from='public open fun invoke (): kotlin.Any? declared in com.vito.core.ui.components.DriverCardKt.DriverCard.<no name provided>.invoke$lambda$3.<no name provided>'
                CALL 'public final fun invoke (): kotlin.Unit declared in com.vito.core.ui.components.DriverCardKt.DriverCard.<no name provided>.invoke$lambda$3.<no name provided>' type=kotlin.Unit origin=BRIDGE_DELEGATION
                  $this: GET_VAR '<this>: com.vito.core.ui.components.DriverCardKt.DriverCard.<no name provided>.invoke$lambda$3.<no name provided> declared in com.vito.core.ui.components.DriverCardKt.DriverCard.<no name provided>.invoke$lambda$3.<no name provided>.invoke' type=com.vito.core.ui.components.DriverCardKt.DriverCard.<no name provided>.invoke$lambda$3.<no name provided> origin=null
        GET_FIELD 'FIELD FIELD_FOR_OBJECT_INSTANCE name:INSTANCE type:com.vito.core.ui.components.DriverCardKt.DriverCard.<no name provided>.invoke$lambda$3.<no name provided> visibility:public [final,static]' type=com.vito.core.ui.components.DriverCardKt.DriverCard.<no name provided>.invoke$lambda$3.<no name provided> origin=null
      $mask0: CONST Int type=kotlin.Int value=120
      $handler: CONST Null type=kotlin.Any? value=null
    CALL 'public final fun Column$default (modifier: androidx.compose.ui.Modifier?, verticalArrangement: androidx.compose.foundation.layout.Arrangement.Vertical?, horizontalAlignment: androidx.compose.ui.Alignment.Horizontal?, content: @[Composable] @[ExtensionFunctionType] kotlin.Function1<androidx.compose.foundation.layout.ColumnScope, kotlin.Unit>, $mask0: kotlin.Int, $handler: kotlin.Any?): kotlin.Unit [inline] declared in androidx.compose.foundation.layout.ColumnKt' type=kotlin.Unit origin=DEFAULT_DISPATCH_CALL
      modifier: CALL 'public final fun weight$default ($this: androidx.compose.foundation.layout.RowScope, $receiver: androidx.compose.ui.Modifier, weight: kotlin.Float, fill: kotlin.Boolean, $mask0: kotlin.Int, $handler: kotlin.Any?): androidx.compose.ui.Modifier declared in androidx.compose.foundation.layout.RowScope' type=androidx.compose.ui.Modifier origin=DEFAULT_DISPATCH_CALL
        $this: GET_VAR '$this$Row: androidx.compose.foundation.layout.RowScope declared in com.vito.core.ui.components.DriverCardKt.DriverCard.<no name provided>.invoke$lambda$3' type=androidx.compose.foundation.layout.RowScope origin=null
        $receiver: GET_FIELD 'FIELD FIELD_FOR_OBJECT_INSTANCE name:Companion type:androidx.compose.ui.Modifier.Companion visibility:public [final,static]' type=androidx.compose.ui.Modifier.Companion origin=null
        weight: CONST Float type=kotlin.Float value=1.0
        fill: COMPOSITE type=kotlin.Boolean origin=DEFAULT_VALUE
          CONST Boolean type=kotlin.Boolean value=false
        $mask0: CONST Int type=kotlin.Int value=2
        $handler: CONST Null type=kotlin.Any? value=null
      verticalArrangement: COMPOSITE type=androidx.compose.foundation.layout.Arrangement.Vertical? origin=DEFAULT_VALUE
        CONST Null type=androidx.compose.foundation.layout.Arrangement.Vertical? value=null
      horizontalAlignment: COMPOSITE type=androidx.compose.ui.Alignment.Horizontal? origin=DEFAULT_VALUE
        CONST Null type=androidx.compose.ui.Alignment.Horizontal? value=null
      content: BLOCK type=@[ExtensionFunctionType] kotlin.Function1<androidx.compose.foundation.layout.ColumnScope, kotlin.Unit> origin=LAMBDA
        COMPOSITE type=kotlin.Unit origin=null
        FUNCTION_REFERENCE 'private final fun invoke$lambda$3$lambda$1 ($name: kotlin.String, $vehicleType: kotlin.String, $plateNumber: kotlin.String, $rating: kotlin.Double): kotlin.Unit declared in com.vito.core.ui.components.DriverCardKt.DriverCard.<no name provided>' type=@[ExtensionFunctionType] kotlin.Function1<androidx.compose.foundation.layout.ColumnScope, kotlin.Unit> origin=INLINE_LAMBDA reflectionTarget=null
          $name: GET_VAR '$name: kotlin.String declared in com.vito.core.ui.components.DriverCardKt.DriverCard.<no name provided>.invoke$lambda$3' type=kotlin.String origin=null
          $vehicleType: GET_VAR '$vehicleType: kotlin.String declared in com.vito.core.ui.components.DriverCardKt.DriverCard.<no name provided>.invoke$lambda$3' type=kotlin.String origin=null
          $plateNumber: GET_VAR '$plateNumber: kotlin.String declared in com.vito.core.ui.components.DriverCardKt.DriverCard.<no name provided>.invoke$lambda$3' type=kotlin.String origin=null
          $rating: GET_VAR '$rating: kotlin.Double declared in com.vito.core.ui.components.DriverCardKt.DriverCard.<no name provided>.invoke$lambda$3' type=kotlin.Double origin=null
      $mask0: CONST Int type=kotlin.Int value=6
      $handler: CONST Null type=kotlin.Any? value=null
    CALL 'public final fun Column$default (modifier: androidx.compose.ui.Modifier?, verticalArrangement: androidx.compose.foundation.layout.Arrangement.Vertical?, horizontalAlignment: androidx.compose.ui.Alignment.Horizontal?, content: @[Composable] @[ExtensionFunctionType] kotlin.Function1<androidx.compose.foundation.layout.ColumnScope, kotlin.Unit>, $mask0: kotlin.Int, $handler: kotlin.Any?): kotlin.Unit [inline] declared in androidx.compose.foundation.layout.ColumnKt' type=kotlin.Unit origin=DEFAULT_DISPATCH_CALL
      modifier: COMPOSITE type=androidx.compose.ui.Modifier? origin=DEFAULT_VALUE
        CONST Null type=androidx.compose.ui.Modifier? value=null
      verticalArrangement: COMPOSITE type=androidx.compose.foundation.layout.Arrangement.Vertical? origin=DEFAULT_VALUE
        CONST Null type=androidx.compose.foundation.layout.Arrangement.Vertical? value=null
      horizontalAlignment: CALL 'public final fun <get-End> (): androidx.compose.ui.Alignment.Horizontal declared in androidx.compose.ui.Alignment.Companion' type=androidx.compose.ui.Alignment.Horizontal origin=GET_PROPERTY
        $this: GET_FIELD 'FIELD FIELD_FOR_OBJECT_INSTANCE name:Companion type:androidx.compose.ui.Alignment.Companion visibility:public [final,static]' type=androidx.compose.ui.Alignment.Companion origin=null
      content: BLOCK type=@[ExtensionFunctionType] kotlin.Function1<androidx.compose.foundation.layout.ColumnScope, kotlin.Unit> origin=LAMBDA
        COMPOSITE type=kotlin.Unit origin=null
        FUNCTION_REFERENCE 'private final fun invoke$lambda$3$lambda$2 ($etaMinutes: kotlin.Int): kotlin.Unit declared in com.vito.core.ui.components.DriverCardKt.DriverCard.<no name provided>' type=@[ExtensionFunctionType] kotlin.Function1<androidx.compose.foundation.layout.ColumnScope, kotlin.Unit> origin=INLINE_LAMBDA reflectionTarget=null
          $etaMinutes: GET_VAR '$etaMinutes: kotlin.Int declared in com.vito.core.ui.components.DriverCardKt.DriverCard.<no name provided>.invoke$lambda$3' type=kotlin.Int origin=null
      $mask0: CONST Int type=kotlin.Int value=3
      $handler: CONST Null type=kotlin.Any? value=null

	at org.jetbrains.kotlin.backend.jvm.codegen.FunctionCodegen.generate(FunctionCodegen.kt:51)
	at org.jetbrains.kotlin.backend.jvm.codegen.IrSourceCompilerForInline.generateLambdaBody(IrSourceCompilerForInline.kt:67)
	at org.jetbrains.kotlin.codegen.inline.ExpressionLambda.generateLambdaBody(LambdaInfo.kt:72)
	at org.jetbrains.kotlin.backend.jvm.codegen.IrInlineCodegen.genValueAndPut(IrInlineCodegen.kt:99)
	at org.jetbrains.kotlin.backend.jvm.codegen.ExpressionCodegen.visitCall$handleValueParameter(ExpressionCodegen.kt:606)
	at org.jetbrains.kotlin.backend.jvm.codegen.ExpressionCodegen.visitCall(ExpressionCodegen.kt:619)
	at org.jetbrains.kotlin.backend.jvm.codegen.ExpressionCodegen.visitCall(ExpressionCodegen.kt:134)
	at org.jetbrains.kotlin.ir.expressions.IrCall.accept(IrCall.kt:26)
	at org.jetbrains.kotlin.backend.jvm.codegen.ExpressionCodegen.visitStatementContainer(ExpressionCodegen.kt:562)
	at org.jetbrains.kotlin.backend.jvm.codegen.ExpressionCodegen.visitBlockBody(ExpressionCodegen.kt:567)
	at org.jetbrains.kotlin.backend.jvm.codegen.ExpressionCodegen.visitBlockBody(ExpressionCodegen.kt:134)
	at org.jetbrains.kotlin.ir.expressions.IrBlockBody.accept(IrBlockBody.kt:25)
	at org.jetbrains.kotlin.backend.jvm.codegen.ExpressionCodegen.generate(ExpressionCodegen.kt:228)
	at org.jetbrains.kotlin.backend.jvm.codegen.FunctionCodegen.doGenerate(FunctionCodegen.kt:122)
	at org.jetbrains.kotlin.backend.jvm.codegen.FunctionCodegen.generate(FunctionCodegen.kt:47)
	... 81 more
Caused by: java.lang.RuntimeException: Exception while generating code for:
FUN name:invoke visibility:public modality:FINAL <> ($this:com.vito.core.ui.components.DriverCardKt.DriverCard.<no name provided>.invoke$lambda$3.<no name provided>) returnType:kotlin.Unit
  overridden:
    public abstract fun invoke (): R of kotlin.Function0 [operator] declared in kotlin.Function0
  $this: VALUE_PARAMETER INSTANCE_RECEIVER name:<this> type:com.vito.core.ui.components.DriverCardKt.DriverCard.<no name provided>.invoke$lambda$3.<no name provided>
  BLOCK_BODY
    CALL 'public final fun Box$default (modifier: androidx.compose.ui.Modifier?, contentAlignment: androidx.compose.ui.Alignment?, propagateMinConstraints: kotlin.Boolean, content: @[Composable] @[ExtensionFunctionType] kotlin.Function1<androidx.compose.foundation.layout.BoxScope, kotlin.Unit>, $mask0: kotlin.Int, $handler: kotlin.Any?): kotlin.Unit [inline] declared in androidx.compose.foundation.layout.BoxKt' type=kotlin.Unit origin=DEFAULT_DISPATCH_CALL
      modifier: COMPOSITE type=androidx.compose.ui.Modifier? origin=DEFAULT_VALUE
        CONST Null type=androidx.compose.ui.Modifier? value=null
      contentAlignment: CALL 'public final fun <get-Center> (): androidx.compose.ui.Alignment declared in androidx.compose.ui.Alignment.Companion' type=androidx.compose.ui.Alignment origin=GET_PROPERTY
        $this: GET_FIELD 'FIELD FIELD_FOR_OBJECT_INSTANCE name:Companion type:androidx.compose.ui.Alignment.Companion visibility:public [final,static]' type=androidx.compose.ui.Alignment.Companion origin=null
      propagateMinConstraints: COMPOSITE type=kotlin.Boolean origin=DEFAULT_VALUE
        CONST Boolean type=kotlin.Boolean value=false
      content: BLOCK type=@[ExtensionFunctionType] kotlin.Function1<androidx.compose.foundation.layout.BoxScope, kotlin.Unit> origin=LAMBDA
        COMPOSITE type=kotlin.Unit origin=null
        FUNCTION_REFERENCE 'private final fun invoke$lambda$0 (): kotlin.Unit declared in com.vito.core.ui.components.DriverCardKt.DriverCard.<no name provided>.invoke$lambda$3.<no name provided>' type=@[ExtensionFunctionType] kotlin.Function1<androidx.compose.foundation.layout.BoxScope, kotlin.Unit> origin=INLINE_LAMBDA reflectionTarget=null
      $mask0: CONST Int type=kotlin.Int value=5
      $handler: CONST Null type=kotlin.Any? value=null

	at org.jetbrains.kotlin.backend.jvm.codegen.FunctionCodegen.generate(FunctionCodegen.kt:51)
	at org.jetbrains.kotlin.backend.jvm.codegen.FunctionCodegen.generate$default(FunctionCodegen.kt:43)
	at org.jetbrains.kotlin.backend.jvm.codegen.ClassCodegen.generateMethodNode(ClassCodegen.kt:390)
	at org.jetbrains.kotlin.backend.jvm.codegen.ClassCodegen.generateMethod(ClassCodegen.kt:407)
	at org.jetbrains.kotlin.backend.jvm.codegen.ClassCodegen.generate(ClassCodegen.kt:169)
	at org.jetbrains.kotlin.backend.jvm.codegen.ExpressionCodegen.visitClass(ExpressionCodegen.kt:967)
	at org.jetbrains.kotlin.backend.jvm.codegen.ExpressionCodegen.visitClass(ExpressionCodegen.kt:134)
	at org.jetbrains.kotlin.ir.declarations.IrClass.accept(IrClass.kt:73)
	at org.jetbrains.kotlin.backend.jvm.codegen.ExpressionCodegen.visitStatementContainer(ExpressionCodegen.kt:562)
	at org.jetbrains.kotlin.backend.jvm.codegen.ExpressionCodegen.visitContainerExpression(ExpressionCodegen.kt:576)
	at org.jetbrains.kotlin.backend.jvm.codegen.ExpressionCodegen.visitContainerExpression(ExpressionCodegen.kt:134)
	at org.jetbrains.kotlin.ir.visitors.IrElementVisitor$DefaultImpls.visitBlock(IrElementVisitor.kt:192)
	at org.jetbrains.kotlin.backend.jvm.codegen.ExpressionCodegen.visitBlock(ExpressionCodegen.kt:396)
	at org.jetbrains.kotlin.backend.jvm.codegen.ExpressionCodegen.visitBlock(ExpressionCodegen.kt:134)
	at org.jetbrains.kotlin.ir.expressions.IrBlock.accept(IrBlock.kt:20)
	at org.jetbrains.kotlin.backend.jvm.codegen.ExpressionCodegen.gen(ExpressionCodegen.kt:205)
	at org.jetbrains.kotlin.backend.jvm.codegen.IrCallGenerator.genValueAndPut(IrCallGenerator.kt:48)
	at org.jetbrains.kotlin.backend.jvm.codegen.ExpressionCodegen.visitCall$handleValueParameter(ExpressionCodegen.kt:606)
	at org.jetbrains.kotlin.backend.jvm.codegen.ExpressionCodegen.visitCall(ExpressionCodegen.kt:619)
	at org.jetbrains.kotlin.backend.jvm.codegen.ExpressionCodegen.visitCall(ExpressionCodegen.kt:134)
	at org.jetbrains.kotlin.ir.expressions.IrCall.accept(IrCall.kt:26)
	at org.jetbrains.kotlin.backend.jvm.codegen.ExpressionCodegen.visitStatementContainer(ExpressionCodegen.kt:562)
	at org.jetbrains.kotlin.backend.jvm.codegen.ExpressionCodegen.visitBlockBody(ExpressionCodegen.kt:567)
	at org.jetbrains.kotlin.backend.jvm.codegen.ExpressionCodegen.visitBlockBody(ExpressionCodegen.kt:134)
	at org.jetbrains.kotlin.ir.expressions.IrBlockBody.accept(IrBlockBody.kt:25)
	at org.jetbrains.kotlin.backend.jvm.codegen.ExpressionCodegen.generate(ExpressionCodegen.kt:228)
	at org.jetbrains.kotlin.backend.jvm.codegen.FunctionCodegen.doGenerate(FunctionCodegen.kt:122)
	at org.jetbrains.kotlin.backend.jvm.codegen.FunctionCodegen.generate(FunctionCodegen.kt:47)
	... 95 more
Caused by: org.jetbrains.kotlin.codegen.CompilationException: Back-end (JVM) Internal error: Couldn't inline method call: CALL 'public final fun Box$default (modifier: androidx.compose.ui.Modifier?, contentAlignment: androidx.compose.ui.Alignment?, propagateMinConstraints: kotlin.Boolean, content: @[Composable] @[ExtensionFunctionType] kotlin.Function1<androidx.compose.foundation.layout.BoxScope, kotlin.Unit>, $mask0: kotlin.Int, $handler: kotlin.Any?): kotlin.Unit [inline] declared in androidx.compose.foundation.layout.BoxKt' type=kotlin.Unit origin=DEFAULT_DISPATCH_CALL
Method: null
File is unknown
The root cause java.lang.IllegalStateException was thrown at: org.jetbrains.kotlin.codegen.inline.SourceCompilerForInlineKt.getMethodNode(SourceCompilerForInline.kt:118)
	at org.jetbrains.kotlin.codegen.inline.InlineCodegen.performInline(InlineCodegen.kt:67)
	at org.jetbrains.kotlin.backend.jvm.codegen.IrInlineCodegen.genInlineCall(IrInlineCodegen.kt:162)
	at org.jetbrains.kotlin.backend.jvm.codegen.IrInlineCallGenerator.genCall(IrInlineCallGenerator.kt:36)
	at org.jetbrains.kotlin.backend.jvm.codegen.ExpressionCodegen.visitCall(ExpressionCodegen.kt:627)
	at org.jetbrains.kotlin.backend.jvm.codegen.ExpressionCodegen.visitCall(ExpressionCodegen.kt:134)
	at org.jetbrains.kotlin.ir.expressions.IrCall.accept(IrCall.kt:26)
	at org.jetbrains.kotlin.backend.jvm.codegen.ExpressionCodegen.visitStatementContainer(ExpressionCodegen.kt:562)
	at org.jetbrains.kotlin.backend.jvm.codegen.ExpressionCodegen.visitBlockBody(ExpressionCodegen.kt:567)
	at org.jetbrains.kotlin.backend.jvm.codegen.ExpressionCodegen.visitBlockBody(ExpressionCodegen.kt:134)
	at org.jetbrains.kotlin.ir.expressions.IrBlockBody.accept(IrBlockBody.kt:25)
	at org.jetbrains.kotlin.backend.jvm.codegen.ExpressionCodegen.generate(ExpressionCodegen.kt:228)
	at org.jetbrains.kotlin.backend.jvm.codegen.FunctionCodegen.doGenerate(FunctionCodegen.kt:122)
	at org.jetbrains.kotlin.backend.jvm.codegen.FunctionCodegen.generate(FunctionCodegen.kt:47)
	... 122 more
Caused by: java.lang.IllegalStateException: couldn't find inline method Landroidx/compose/foundation/layout/BoxKt;.Box$default(Landroidx/compose/ui/Modifier;Landroidx/compose/ui/Alignment;ZLkotlin/jvm/functions/Function1;ILjava/lang/Object;)V
	at org.jetbrains.kotlin.codegen.inline.SourceCompilerForInlineKt.getMethodNode(SourceCompilerForInline.kt:118)
	at org.jetbrains.kotlin.codegen.inline.SourceCompilerForInlineKt.loadCompiledInlineFunction(SourceCompilerForInline.kt:96)
	at org.jetbrains.kotlin.backend.jvm.codegen.IrSourceCompilerForInline.compileInlineFunction(IrSourceCompilerForInline.kt:91)
	at org.jetbrains.kotlin.codegen.inline.InlineCodegen.compileInline(InlineCodegen.kt:45)
	at org.jetbrains.kotlin.codegen.inline.InlineCodegen.performInline(InlineCodegen.kt:53)
	... 134 more


